Name,Class,Rating,Total Rater,Facility,Price,Area
ibis budget Bandung Asia Afrika,2-star hotel,4.2,"(4,151)","['Breakfast', 'Free Wi-Fi', 'Free parking', 'Air conditioning', 'Restaurant', 'Room service', 'Full-service laundry', 'Accessible']","IDR 269,037",Bandung
RedDoorz Plus near Asia Afrika 3,2-star hotel,4.2,(425),"['Free Wi-Fi', 'Pool', 'Full-service laundry', 'Child-friendly']","IDR 151,111",Bandung
ibis budget Bandung Asia Afrika,2-star hotel,4.2,"(4,151)","['Breakfast', 'Free Wi-Fi', 'Free parking', 'Air conditioning', 'Restaurant', 'Room service', 'Full-service laundry', 'Accessible']","IDR 268,665",Bandung
POP! Hotel Festival Citylink - Bandung,2-star hotel,4.3,"(4,306)","['Breakfast', 'Free Wi-Fi', 'Free parking', 'Outdoor pool', 'Air conditioning', 'Fitness centre', 'Restaurant', 'Room service']","IDR 371,583",Bandung
Dago's Hill Hotel,2-star hotel,4.3,(213),"['Free Wi-Fi', 'Free parking', 'Outdoor pool', 'Air conditioning']","IDR 185,089",Bandung
The Regia by Ultimo,2-star hotel,4.2,(426),"['Free breakfast', 'Free Wi-Fi', 'Free parking', 'Air conditioning', 'Child-friendly']","IDR 209,535",Bandung
Vio Hotel Cihampelas,2-star hotel,4,"(1,355)","['Breakfast', 'Free Wi-Fi', 'Free parking', 'Air conditioning', 'Restaurant', 'Full-service laundry', 'Child-friendly']","IDR 245,925",Bandung
Zodiak Sutami Hotel,2-star hotel,3.9,(851),"['Free Wi-Fi', 'Free parking', 'Air conditioning', 'Restaurant', 'Room service', 'Full-service laundry', 'Child-friendly']","IDR 202,527",Bandung
favehotel Braga Bandung,2-star hotel,4.2,"(4,205)","['Free breakfast', 'Free Wi-Fi', 'Parking', 'Air conditioning', 'Spa', 'Restaurant', 'Room service', 'Airport shuttle']","IDR 406,926",Bandung
Lotus Hotel,2-star hotel,4,(763),"['Free breakfast', 'Free Wi-Fi', 'Air conditioning', 'Restaurant', 'Room service', 'Airport shuttle', 'Full-service laundry', 'Child-friendly']","IDR 247,985",Bandung
Cottonwood Bed & Breakfast House Bandung,2-star hotel,4.5,(687),"['Free breakfast', 'Free Wi-Fi', 'Free parking', 'Air conditioning', 'Restaurant', 'Room service', 'Full-service laundry', 'Child-friendly']","IDR 547,646",Bandung
Amaris Hotel Setiabudhi Bandung,2-star hotel,4.4,"(2,167)","['Free breakfast', 'Free Wi-Fi', 'Free parking', 'Air conditioning', 'Restaurant', 'Room service', 'Full-service laundry', 'Child-friendly']","IDR 290,262",Bandung
VIO Hotel Westhoff,2-star hotel,4.2,"(1,055)","['Breakfast', 'Free Wi-Fi', 'Free parking', 'Air conditioning', 'Full-service laundry', 'Child-friendly']","IDR 315,410",Bandung
Zodiak @ Asia Afrika Hotel Bandung,2-star hotel,3.9,"(1,602)","['Free breakfast', 'Free Wi-Fi', 'Free parking', 'Air conditioning', 'Restaurant', 'Room service', 'Full-service laundry', 'Child-friendly']","IDR 260,411",Bandung
Wirton Dago Hotel,2-star hotel,4,"(1,110)","['Free breakfast', 'Free Wi-Fi', 'Free parking', 'Air conditioning', 'Restaurant', 'Room service', 'Full-service laundry', 'Child-friendly']","IDR 189,022",Bandung
OYO 1446 Patradisa Hotel,2-star hotel,3.9,(363),"['Free Wi-Fi', 'Free parking', 'Air conditioning']","IDR 171,027",Bandung
Hotel Nyland Pasteur,2-star hotel,4,"(1,315)","['Free Wi-Fi', 'Free parking', 'Outdoor pool', 'Air conditioning', 'Breakfast', 'Smoke-free property']","IDR 340,632",Bandung
favehotel Hyper Square,2-star hotel,4.3,"(4,302)","['Breakfast', 'Free Wi-Fi', 'Free parking', 'Air conditioning', 'Restaurant', 'Room service', 'Airport shuttle', 'Full-service laundry']","IDR 324,589",Bandung
Yokotel,2-star hotel,4.3,(538),"['Free breakfast', 'Free Wi-Fi', 'Air conditioning', 'Full-service laundry', 'Child-friendly']","IDR 219,843",Bandung
Zodiak Kebonkawung Hotel Bandung,2-star hotel,3.7,"(1,783)","['Free Wi-Fi', 'Free parking', 'Air conditioning', 'Restaurant', 'Room service', 'Airport shuttle', 'Full-service laundry', 'Child-friendly']","IDR 282,534",Bandung
RedDoorz Plus near Asia Afrika 3,2-star hotel,4.2,(426),"['Free Wi-Fi', 'Pool', 'Full-service laundry', 'Child-friendly']","IDR 140,028",Bandung
Wisma Joglo,2-star hotel,4.3,(586),"['Free breakfast', 'Free Wi-Fi', 'Parking', 'Air conditioning', 'Restaurant', 'Room service', 'Kitchen in some rooms', 'Full-service laundry']","IDR 229,927",Bandung
Amaris Hotel Cimanuk,2-star hotel,4.3,"(1,389)","['Free breakfast', 'Free Wi-Fi', 'Free parking', 'Pool', 'Air conditioning', 'Restaurant', 'Room service', 'Accessible']","IDR 567,629",Bandung
dPalma Hotel,2-star hotel,4.1,(538),"['Breakfast ($)', 'Free Wi-Fi', 'Free parking', 'Air conditioning', 'Full-service laundry', 'Child-friendly']","IDR 301,480",Bandung
Citarum Hotel,2-star hotel,4.4,"(1,327)","['Free breakfast', 'Free Wi-Fi', 'Free parking', 'Outdoor pool', 'Air conditioning', 'Fitness centre', 'Bar', 'Restaurant']","IDR 570,001",Bandung
OYO 794 Ln 9 Bandung Guest House,2-star hotel,4.4,(430),"['Free Wi-Fi', 'Free parking', 'Air conditioning', 'Pet-friendly', 'Restaurant', 'Room service', 'Full-service laundry', 'Child-friendly']","IDR 170,068",Bandung
Hotel Serena,2-star hotel,3.8,"(1,146)","['Free parking', 'Air conditioning', 'Breakfast', 'Child-friendly', 'Smoke-free property']","IDR 288,593",Bandung
Hotel Augusta,2-star hotel,4.1,(758),"['Free breakfast', 'Free Wi-Fi', 'Parking', 'Outdoor pool', 'Air conditioning', 'Restaurant', 'Room service', 'Full-service laundry']","IDR 272,768",Bandung
Patradissa hotel Bandung,2-star hotel,4,(615),"['Breakfast', 'Free Wi-Fi', 'Free parking', 'Air conditioning', 'Child-friendly']","IDR 175,000",Bandung
Hotel Victory,2-star hotel,4.1,(311),"['Free breakfast', 'Free Wi-Fi', 'Free parking', 'Air conditioning', 'Restaurant', 'Room service', 'Airport shuttle', 'Full-service laundry']","IDR 382,499",Bandung
OYO Flagship 90501 Hotel Montameri,2-star hotel,3.9,(301),"['Free breakfast', 'Free Wi-Fi', 'Free parking', 'Air conditioning', 'Room service', 'Full-service laundry', 'Child-friendly']","IDR 126,037",Bandung
Kembang Hotel,2-star hotel,4.1,"(1,073)","['Free breakfast', 'Free Wi-Fi', 'Free parking', 'Air conditioning', 'Restaurant', 'Room service', 'Full-service laundry', 'Child-friendly']","IDR 561,907",Bandung
OYO 3429 Sentra Paskal,2-star hotel,4.1,(70),"['Free Wi-Fi', 'Air conditioning']","IDR 175,772",Bandung
The Posters Hotel Mice,2-star hotel,4.1,"(2,115)","['Free breakfast', 'Free Wi-Fi', 'Free parking', 'Air conditioning', 'Restaurant', 'Room service', 'Full-service laundry', 'Child-friendly']","IDR 196,539",Bandung
OYO 3209 Hegarbudhi Residence,2-star hotel,4.7,(101),"['Free Wi-Fi', 'Free parking', 'Air conditioning']","IDR 134,183",Bandung
Bumi Sawunggaling Hotel,2-star hotel,4.2,(684),"['Free breakfast', 'Free Wi-Fi', 'Free parking', 'Air conditioning', 'Restaurant', 'Room service', 'Kitchen in rooms', 'Full-service laundry']","IDR 348,770",Bandung
Zodiak Kebonjati Hotel Bandung,2-star hotel,3.6,(501),"['Free Wi-Fi', 'Air conditioning', 'Full-service laundry', 'Child-friendly']","IDR 324,000",Bandung
OYO 249 Hotel Astria Graha,2-star hotel,4,(947),"['Free Wi-Fi', 'Free parking', 'Air conditioning', 'Child-friendly']","IDR 129,989",Bandung
OYO 196 Horizone Residence,2-star hotel,4.1,(283),"['Wi-Fi', 'Free parking', 'Air conditioning', 'Child-friendly']","IDR 110,296",Bandung
Tulip Guest House,2-star hotel,4.5,(782),"['Free Wi-Fi', 'Parking', 'Child-friendly']","IDR 356,390",Bandung
OYO 3822 Mine Home,2-star hotel,4.3,(314),"['Free breakfast', 'Free Wi-Fi', 'Free parking', 'Air conditioning', 'Restaurant', 'Room service', 'Child-friendly']","IDR 217,637",Bandung
Hotel Paniisan,2-star hotel,4.1,(203),"['Free breakfast', 'Free Wi-Fi', 'Free parking', 'Air conditioning', 'Restaurant', 'Room service', 'Full-service laundry', 'Child-friendly']","IDR 397,353",Bandung
OYO 3955 Hotel Bumi Kitri Pramuka,2-star hotel,3.9,"(1,012)","['Free breakfast', 'Free Wi-Fi', 'Free parking', 'Air conditioning', 'Restaurant', 'Room service', 'Full-service laundry', 'Child-friendly']","IDR 95,481",Bandung
Hotel Alqueby,2-star hotel,4.3,"(1,212)","['Free breakfast', 'Free Wi-Fi', 'Free parking', 'Air conditioning', 'Restaurant', 'Room service', 'Full-service laundry', 'Child-friendly']","IDR 276,464",Bandung
Beehive Cafe & Boutique Hotel,2-star hotel,4.4,"(2,803)","['Free breakfast', 'Free Wi-Fi', 'Free parking', 'Air conditioning', 'Restaurant', 'Room service', 'Full-service laundry', 'Child-friendly']",0,Bandung
RedDoorz @ Hotel Arimbi Dewi Sartika Baru,2-star hotel,3.9,"(1,004)","['Free breakfast', 'Free Wi-Fi', 'Free parking', 'Air conditioning', 'Restaurant', 'Room service', 'Full-service laundry', 'Child-friendly']","IDR 160,313",Bandung
OYO 3908 Fenway Kostel,2-star hotel,4.1,(37),"['Free Wi-Fi', 'Air conditioning']","IDR 99,325",Bandung
The Palais Dago Hotel,2-star hotel,4.4,(736),"['Free Wi-Fi', 'Free parking', 'Pool', 'Air conditioning', 'Breakfast', 'Restaurant', 'Room service', 'Airport shuttle']",0,Bandung
dbest express,2-star hotel,4.3,(821),"['Breakfast', 'Free Wi-Fi', 'Free parking', 'Air conditioning', 'Airport shuttle', 'Full-service laundry', 'Child-friendly']","IDR 284,824",Bandung
I Residence Bandung,2-star hotel,4.2,(264),"['Free Wi-Fi', 'Room service', 'Full-service laundry']","IDR 252,791",Bandung
Flores Gallery Hotel,2-star hotel,4.1,(444),"['Free breakfast', 'Free Wi-Fi', 'Free parking', 'Air conditioning', 'Restaurant', 'Room service', 'Full-service laundry', 'Child-friendly']",0,Bandung
Hotel Jelita Parahyangan,2-star hotel,4.1,(273),"['Free breakfast', 'Free Wi-Fi', 'Restaurant', 'Room service', 'Full-service laundry', 'Child-friendly']",0,Bandung
MYPODROOM Hotel Kapsul Bandung,2-star hotel,4.8,(244),"['Free breakfast', 'Free Wi-Fi', 'Air conditioning', 'Room service', 'Full-service laundry']",0,Bandung
OYO 2085 Chrysanta Hotel,2-star hotel,2.5,(99),"['Free parking', 'Air conditioning']",0,Bandung
Image Hotel & Resto,2-star hotel,3.8,(480),"['Free breakfast', 'Free Wi-Fi', 'Free parking', 'Air conditioning', 'Restaurant', 'Room service', 'Full-service laundry', 'Child-friendly']","IDR 151,397",Bandung
RedDoorz near Telkom Corporate University,2-star hotel,3.1,(261),"['Free Wi-Fi', 'Air conditioning']","IDR 132,970",Bandung
RedDoorz near Gedung Sate 2,2-star hotel,4.5,(478),"['Free Wi-Fi', 'Room service', 'Child-friendly']","IDR 174,563",Bandung
Rumah Teras,2-star hotel,4.4,(154),"['Air conditioning', 'Child-friendly']",0,Bandung
Hotel Danoufa,2-star hotel,4.2,(318),"['Free Wi-Fi', 'Free parking', 'Air conditioning', 'Restaurant', 'Room service', 'Full-service laundry', 'Child-friendly']",0,Bandung
Excellent Seven Hotel,2-star hotel,3.9,(507),"['Free Wi-Fi', 'Air conditioning', 'Full-service laundry', 'Child-friendly']",0,Bandung
OYO 340 Cleo Guest House,2-star hotel,3.8,(383),"['Free breakfast', 'Free Wi-Fi', 'Child-friendly']",0,Bandung
Airy Gasibu Aria Jipang 6 Bandung,2-star hotel,4.4,(144),"['Free Wi-Fi', 'Air conditioning', 'Breakfast', 'Parking', 'Room service', 'Smoke-free property']",0,Bandung
OYO 1608 Feby Maisonatte,2-star hotel,3.2,(239),"['Free Wi-Fi', 'Air conditioning']","IDR 88,929",Bandung
RedDoorz @ Buah Batu,2-star hotel,4.5,(215),"['Wi-Fi', 'Air conditioning']","IDR 129,963",Bandung
Oyo Arwiga Hotel,2-star hotel,4.2,(521),"['Free breakfast', 'Free Wi-Fi', 'Free parking', 'Air conditioning', 'Restaurant', 'Room service', 'Full-service laundry', 'Child-friendly']",0,Bandung
Hotel Lodaya Syariah Bandung RedPartner,2-star hotel,3.7,(509),"['Breakfast', 'Free Wi-Fi', 'Free parking', 'Air conditioning', 'Full-service laundry']","IDR 132,250",Bandung
OYO 3362 Pondok Betah Syariah,2-star hotel,4.4,(173),['Free Wi-Fi'],0,Bandung
OYO 3805 Ceria House Sultan Premier,2-star hotel,4.4,(200),"['Free Wi-Fi', 'Free parking', 'Breakfast', 'Smoke-free property']",0,Bandung
OYO 2993 Wisma Pkbi Jawa Barat,2-star hotel,4.1,(206),"['Free Wi-Fi', 'Free parking', 'Air conditioning']",0,Bandung
Dago's Hill Hotel,2-star hotel,4.3,(213),"['Free Wi-Fi', 'Free parking', 'Outdoor pool', 'Air conditioning']","IDR 185,089",Bandung
The Regia by Ultimo,2-star hotel,4.2,(426),"['Free breakfast', 'Free Wi-Fi', 'Free parking', 'Air conditioning', 'Child-friendly']","IDR 209,535",Bandung
Cottonwood Bed & Breakfast House Bandung,2-star hotel,4.5,(687),"['Free breakfast', 'Free Wi-Fi', 'Free parking', 'Air conditioning', 'Restaurant', 'Room service', 'Full-service laundry', 'Child-friendly']","IDR 547,646",Bandung
VIO Hotel Westhoff,2-star hotel,4.2,"(1,055)","['Breakfast', 'Free Wi-Fi', 'Free parking', 'Air conditioning', 'Full-service laundry', 'Child-friendly']","IDR 315,410",Bandung
The Ethnic Hotel Bandung,2-star hotel,3.3,(142),"['Air conditioning', 'Restaurant', 'Full-service laundry', 'Child-friendly']","IDR 141,473",Bandung
Hotel Benua,2-star hotel,4.1,"(2,223)","['Free breakfast', 'Free Wi-Fi', 'Free parking', 'Restaurant', 'Room service', 'Full-service laundry', 'Child-friendly']","IDR 216,329",Bandung
Bobobox Dago,2-star hotel,4.7,(687),"['Free Wi-Fi', 'Free parking', 'Air conditioning', 'Child-friendly']","IDR 247,832",Bandung
OYO 259 Galaxy Inn,2-star hotel,4,(622),"['Breakfast', 'Free Wi-Fi', 'Free parking', 'Air conditioning', 'Full-service laundry', 'Child-friendly']","IDR 163,736",Bandung
Vio Hotel Surapati Bandung,2-star hotel,4.2,(913),"['Free breakfast', 'Free Wi-Fi', 'Free parking', 'Air conditioning', 'Restaurant', 'Room service', 'Full-service laundry', 'Child-friendly']","IDR 300,000",Bandung
Airy Eco Pasteur Cipedes Tengah,2-star hotel,4.2,(376),"['Free Wi-Fi', 'Parking ($)', 'Air conditioning', 'Breakfast', 'Smoke-free property']","IDR 105,315",Bandung
Naraya house,2-star hotel,4.1,(145),"['Free Wi-Fi', 'Free parking', 'Air conditioning', 'Full-service laundry']","IDR 182,259",Bandung
Casa d'Ladera,2-star hotel,4.3,(853),"['Free breakfast', 'Free Wi-Fi', 'Free parking', 'Air conditioning', 'Restaurant', 'Room service', 'Full-service laundry', 'Child-friendly']","IDR 251,480",Bandung
Ghotic Hotel,2-star hotel,4.2,"(1,886)","['Free breakfast', 'Free Wi-Fi', 'Free parking', 'Air conditioning', 'Restaurant', 'Room service', 'Full-service laundry', 'Child-friendly']","IDR 266,960",Bandung
Vio Hotel Veteran,2-star hotel,4,(925),"['Breakfast', 'Free Wi-Fi', 'Free parking', 'Air conditioning', 'Restaurant', 'Child-friendly']","IDR 225,063",Bandung
RedDoorz Hostel @ Dago 2,2-star hotel,4.3,(421),"['Free breakfast', 'Free Wi-Fi', 'Outdoor pool', 'Air conditioning', 'Restaurant', 'Full-service laundry']","IDR 201,876",Bandung
RedDoorz near Alun Alun Bandung 3,2-star hotel,4.2,(205),"['Free Wi-Fi', 'Room service', 'Full-service laundry', 'Child-friendly']","IDR 132,022",Bandung
"INAP at Capsule Hostel Bandung, Grand Asia Afrika",2-star hotel,4.4,(622),"['Breakfast', 'Free Wi-Fi', 'Pool', 'Child-friendly']","IDR 250,000",Bandung
Hotel Corsica,2-star hotel,4.1,(521),"['Free breakfast', 'Wi-Fi', 'Room service', 'Full-service laundry', 'Child-friendly']","IDR 232,135",Bandung
Hotel Nyland Cipaganti,2-star hotel,4.2,(352),"['Free breakfast', 'Free Wi-Fi', 'Free parking', 'Air conditioning', 'Restaurant', 'Room service', 'Full-service laundry', 'Child-friendly']","IDR 299,880",Bandung
UTC Hotel Bandung,2-star hotel,4.4,(646),"['Free breakfast', 'Free Wi-Fi', 'Free parking', 'Air conditioning', 'Restaurant', 'Room service', 'Full-service laundry', 'Child-friendly']","IDR 436,069",Bandung
Elenor's Home,2-star hotel,4.4,(359),"['Breakfast', 'Free Wi-Fi', 'Free parking', 'Child-friendly']","IDR 94,679",Bandung
Hotel Setrasari Bandung,2-star hotel,4.2,(375),"['Breakfast', 'Free Wi-Fi', 'Free parking', 'Air conditioning', 'Full-service laundry', 'Child-friendly']","IDR 293,520",Bandung
Hi Quality Guest House,2-star hotel,4.2,(295),"['Air conditioning', 'Child-friendly']","IDR 179,992",Bandung
Orange Home Syariah,2-star hotel,4.2,(546),"['Breakfast', 'Free Wi-Fi', 'Air conditioning', 'Kitchen in some rooms', 'Full-service laundry', 'Child-friendly']","IDR 139,724",Bandung
Hotel Yehezkiel Surapati RedPartner,2-star hotel,4.1,"(1,214)","['Free breakfast', 'Free Wi-Fi', 'Free parking', 'Air conditioning', 'Restaurant', 'Room service', 'Child-friendly', 'Smoke-free property']","IDR 319,394",Bandung
Pavilion Rumah Teras,2-star hotel,4.5,(270),"['Free breakfast', 'Free Wi-Fi', 'Free parking', 'Outdoor pool', 'Child-friendly']","IDR 377,309",Bandung
Wisma Asia Busindo Bandung,2-star hotel,4.1,(322),"['Free Wi-Fi', 'Free parking', 'Child-friendly']","IDR 106,401",Bandung
Hyper Inn,2-star hotel,3.9,(547),"['Free Wi-Fi', 'Parking', 'Air conditioning', 'Room service', 'Full-service laundry', 'Child-friendly']","IDR 316,790",Bandung
New Moonlight Hotel Bandung,2-star hotel,4.2,(788),"['Free breakfast', 'Free Wi-Fi', 'Free parking', 'Air conditioning', 'Restaurant', 'Room service', 'Full-service laundry', 'Child-friendly']","IDR 224,821",Bandung
Villa Balong Bho,2-star hotel,4,(478),"['Free Wi-Fi', 'Free parking', 'Air conditioning']","IDR 105,887",Bandung
Aristo Residence,2-star hotel,4.6,(128),"['Free Wi-Fi', 'Parking', 'Child-friendly']","IDR 276,165",Bandung
Latief Inn,2-star hotel,4.3,(423),"['Free breakfast', 'Free Wi-Fi', 'Air conditioning', 'Restaurant', 'Room service', 'Airport shuttle', 'Full-service laundry', 'Child-friendly']","IDR 318,429",Bandung
Rossan Villa Hotel near Sersan Bajuri RedPartner,2-star hotel,4.3,(30),['Free Wi-Fi'],"IDR 170,000",Bandung
Veleza Hotel,2-star hotel,4.3,(491),"['Free Wi-Fi', 'Free parking', 'Full-service laundry', 'Child-friendly']","IDR 299,999",Bandung
Verona Residence (now closed ),2-star hotel,4.1,(163),"['Free Wi-Fi', 'Free parking', 'Air conditioning']","IDR 77,762",Bandung
La Nostalgie Boutique Hotel Bandung,2-star hotel,4.3,(302),"['Free breakfast', 'Free Wi-Fi', 'Free parking', 'Air conditioning', 'Restaurant', 'Room service', 'Airport shuttle', 'Full-service laundry']","IDR 472,413",Bandung
Intech Hostel,2-star hotel,4.2,(495),"['Free breakfast', 'Free Wi-Fi', 'Air conditioning', 'Full-service laundry', 'Child-friendly']","IDR 195,863",Bandung
Mine Home Hotel by sovia,2-star hotel,4.3,(419),"['Free breakfast', 'Free Wi-Fi', 'Free parking', 'Outdoor pool', 'Air conditioning', 'Restaurant', 'Room service', 'Child-friendly']","IDR 393,361",Bandung
Bantal Guling Guesthouse Trans,2-star hotel,3.7,(886),"['Free breakfast', 'Free Wi-Fi', 'Full-service laundry']","IDR 119,562",Bandung
Kristalia Hotel,2-star hotel,3.6,(230),"['Free Wi-Fi', 'Free parking', 'Air conditioning', 'Child-friendly', 'Smoke-free property']","IDR 444,444",Bandung
Capital O 1616 Setiabudhi Indah Hotel,2-star hotel,4.3,(423),"['Free breakfast', 'Free Wi-Fi', 'Free parking', 'Air conditioning', 'Restaurant', 'Room service', 'Full-service laundry', 'Child-friendly']",0,Bandung
New-B Hotel,2-star hotel,3.4,(379),"['Breakfast', 'Free Wi-Fi', 'Free parking', 'Air conditioning']","IDR 235,818",Bandung
Cihampelas 1 Hotel,2-star hotel,3.8,(517),"['Breakfast', 'Free Wi-Fi', 'Free parking', 'Air conditioning', 'Restaurant', 'Room service', 'Full-service laundry', 'Child-friendly']","IDR 434,280",Bandung
De Orange Residence Guest House,2-star hotel,3.8,(67),"['Free Wi-Fi', 'Parking', 'Child-friendly']","IDR 228,747",Bandung
OYO 90042 Emerald Towers,2-star hotel,3.6,(28),"['Free Wi-Fi', 'Pool', 'Room service', 'Full-service laundry']","IDR 114,060",Bandung
OYO 1085 Jarrdin Apartment Cihampelas,2-star hotel,4,"(3,813)","['Free Wi-Fi', 'Free parking', 'Outdoor pool', 'Air conditioning', 'Room service', 'Kitchen in rooms', 'Full-service laundry', 'Child-friendly']","IDR 529,281",Bandung
Selaras Guest House & Restaurant,2-star hotel,4.5,(899),"['Free breakfast', 'Free Wi-Fi', 'Free parking', 'Air conditioning', 'Restaurant', 'Full-service laundry', 'Child-friendly']","IDR 725,177",Bandung
Hotel Unik,2-star hotel,3.5,(464),"['Free Wi-Fi', 'Free parking', 'Restaurant', 'Child-friendly']","IDR 109,184",Bandung
Home at 33 B&B,2-star hotel,4.4,(13),"['Free Wi-Fi', 'Child-friendly']","IDR 248,160",Bandung
Hotel Boulevard,2-star hotel,4.2,(332),"['Free breakfast', 'Free Wi-Fi', 'Free parking', 'Air conditioning', 'Restaurant', 'Room service', 'Full-service laundry', 'Child-friendly']",0,Bandung
Sky City Home,2-star hotel,4.2,(340),"['Free Wi-Fi', 'Free parking', 'Air conditioning', 'Breakfast', 'Full-service laundry', 'Smoke-free property']","IDR 160,867",Bandung
Hotel Grand Tulip,2-star hotel,4.1,(587),"['Breakfast', 'Free Wi-Fi', 'Free parking', 'Air conditioning', 'Room service', 'Child-friendly']",0,Bandung
RedDoorz @ Lodaya,2-star hotel,4.1,(39),"['Wi-Fi', 'Child-friendly']","IDR 119,025",Bandung
Hotel Salon Fora &LongHill Cafe Fora,2-star hotel,4.1,(706),"['Free breakfast', 'Free Wi-Fi', 'Free parking', 'Air conditioning', 'Spa', 'Restaurant', 'Room service', 'Full-service laundry']","IDR 265,000",Bandung
Hotel Mitra Mutiara Inn,2-star hotel,4,(113),"['Wi-Fi', 'Free parking', 'Air conditioning', 'Child-friendly']","IDR 152,550",Bandung
OYO 1210 Nice Guesthouse,2-star hotel,4.4,(167),"['Free breakfast', 'Free Wi-Fi', 'Parking', 'Air conditioning', 'Child-friendly']","IDR 250,000",Bandung
Bantal Guling Asia Afrika,2-star hotel,4,(315),"['Breakfast', 'Air conditioning', 'Child-friendly']",0,Bandung
butternut tree townhomes,2-star hotel,4.4,(141),"['Free Wi-Fi', 'Air conditioning', 'Kitchen in some rooms', 'Child-friendly']","IDR 1,350,000",Bandung
Sa'ci Guest House,2-star hotel,4.5,(96),"['Free Wi-Fi', 'Free parking', 'Child-friendly']","IDR 885,416",Bandung
Pilatus Hotel Bandung,2-star hotel,4.2,(139),"['Free Wi-Fi', 'Free parking', 'Air conditioning']",0,Bandung
RedDoorz @ Supratman Street,2-star hotel,3.9,(324),"['Breakfast', 'Free Wi-Fi', 'Free parking', 'Air conditioning', 'Restaurant', 'Room service', 'Full-service laundry', 'Child-friendly']","IDR 178,460",Bandung
RedDoorz near Gedung Sate 3,2-star hotel,3.9,(106),"['Free Wi-Fi', 'Parking', 'Child-friendly']","IDR 179,011",Bandung
Supratman Hotel,2-star hotel,4.3,(348),"['Free breakfast', 'Free Wi-Fi', 'Room service', 'Full-service laundry', 'Child-friendly']",0,Bandung
OYO 230 Maleo Residence,2-star hotel,3.9,(799),"['Free Wi-Fi', 'Full-service laundry']","IDR 93,564",Bandung
OYO 367 Ridha Residence,2-star hotel,4.6,(196),"['Free Wi-Fi', 'Free parking', 'Air conditioning', 'Child-friendly']",0,Bandung
Garden Hostel,-,4,(2),['Free Wi-Fi'],"IDR 151,819",Bandung
Hotel Rinjani,2-star hotel,3.9,(284),"['Free breakfast', 'Free Wi-Fi', 'Free parking', 'Air conditioning', 'Child-friendly']",0,Bandung
Grand Kembar Hotel,2-star hotel,4,(396),"['Free Wi-Fi', 'Room service', 'Full-service laundry', 'Child-friendly']","IDR 140,284",Bandung
Hotel Anda,2-star hotel,3.5,(133),"['Free parking', 'Breakfast', 'Wi-Fi', 'Accessible', 'Child-friendly']",0,Bandung
OYO 2947 Cluster Harris Home Stay & Kos,2-star hotel,4.2,(260),"['Free breakfast', 'Free Wi-Fi', 'Free parking', 'Air conditioning', 'Full-service laundry', 'Child-friendly']","IDR 163,663",Bandung
OYO 3743 Gania Hotel,2-star hotel,4.5,(108),"['Free Wi-Fi', 'Air conditioning', 'Child-friendly']",0,Bandung
Hotel Grage Bandung,2-star hotel,4.3,(124),['Free Wi-Fi'],0,Bandung
Bumi Resik Family Homestay,2-star hotel,4.2,(47),"['Free parking', 'Air conditioning', 'Child-friendly']","IDR 662,768",Bandung
Hotel Candra,2-star hotel,3.6,(257),"['Free breakfast', 'Free parking']",0,Bandung
SASKAVA Hotel & Resto,2-star hotel,4.4,(241),"['Free Wi-Fi', 'Child-friendly']",0,Bandung
Hotel Cibiru Endah,2-star hotel,4.1,(622),"['Free breakfast', 'Free Wi-Fi', 'Free parking', 'Air conditioning', 'Room service', 'Full-service laundry', 'Child-friendly']",0,Bandung
Hotel Arsallya,2-star hotel,4.1,(294),"['Breakfast', 'Air conditioning', 'Child-friendly']",0,Bandung
Hotel Gurame,2-star hotel,4,(195),"['Free Wi-Fi', 'Free parking', 'Air conditioning', 'Full-service laundry', 'Child-friendly']",0,Bandung
Airy Dago Munding Laya 2 Cikapayang Bandung,2-star hotel,5,(2),"['Free Wi-Fi', 'Air conditioning', 'Breakfast', 'Parking', 'Restaurant', 'Room service', 'Smoke-free property']",0,Bandung
De Kapten Cottage Setiabudi,-,3.1,(9),[],0,Bandung
RedDoorz near Trans Studio Mall,2-star hotel,4,(35),"['Free Wi-Fi', 'Free parking', 'Child-friendly']",0,Bandung
Rumah Anda Guest House,2-star hotel,4.2,(84),"['Free Wi-Fi', 'Free parking', 'Outdoor pool', 'Air conditioning', 'Full-service laundry', 'Child-friendly']",0,Bandung
Bee M Guesthouse,2-star hotel,4,(219),"['Air conditioning', 'Child-friendly']","IDR 100,380",Bandung
Graha Asri Hotel,2-star hotel,3.3,(103),"['Free parking', 'Child-friendly']",0,Bandung
Hotel Sukamulya,2-star hotel,4.1,(225),"['Breakfast', 'Free Wi-Fi', 'Free parking', 'Air conditioning', 'Room service', 'Full-service laundry']",0,Bandung
Wisma Dago 11,2-star hotel,4.1,(252),"['Free Wi-Fi', 'Full-service laundry']","IDR 176,782",Bandung
Wisma Dago,2-star hotel,4,(498),"['Wi-Fi', 'Free parking', 'Air conditioning', 'Full-service laundry', 'Child-friendly']",0,Bandung
OYO 226 Lj Hotel Bandung,2-star hotel,3.9,(747),"['Free Wi-Fi', 'Parking', 'Room service', 'Full-service laundry', 'Child-friendly']",0,Bandung
Darul Jannah,2-star hotel,4.5,(465),"['Free breakfast', 'Free Wi-Fi', 'Free parking', 'Restaurant', 'Room service', 'Full-service laundry', 'Child-friendly']",0,Bandung
Wisma Ersada Hotel,2-star hotel,4.1,(271),"['Free Wi-Fi', 'Free parking', 'Air conditioning', 'Full-service laundry', 'Child-friendly']",0,Bandung
RedDoorz near Trans Studio Mall 2,2-star hotel,4.4,(334),"['Free Wi-Fi', 'Child-friendly']","IDR 159,006",Bandung
Hostel Dago 22,2-star hotel,4.3,(294),"['Free Wi-Fi', 'Air conditioning', 'Full-service laundry']",0,Bandung
Iris Home,2-star hotel,4.8,(26),['Free Wi-Fi'],0,Bandung
Sava Guest House,2-star hotel,4.3,(83),['Child-friendly'],0,Bandung
Retanata Homestay,2-star hotel,4.4,(207),"['Free Wi-Fi', 'Free parking', 'Air conditioning', 'Child-friendly']",0,Bandung
RedDoorz Plus @ Karapitan Street,2-star hotel,4.9,(68),['Free Wi-Fi'],"IDR 189,278",Bandung
Hotel Puri Gardenia,2-star hotel,4,(117),"['Breakfast', 'Free Wi-Fi', 'Free parking', 'Air conditioning', 'Pet-friendly', 'Full-service laundry']",0,Bandung
Kuwera Inn & Cafe,2-star hotel,4.4,(206),"['Free Wi-Fi', 'Free parking', 'Air conditioning', 'Child-friendly']",0,Bandung
Wisma Wanita,2-star hotel,4.1,(157),['Free parking'],0,Bandung
Oude Bandung Guesthouse,2-star hotel,4.5,(15),"['Free Wi-Fi', 'Child-friendly']",0,Bandung
D&D Backpackers Guesthouse,2-star hotel,4.4,(259),"['Free Wi-Fi', 'Pet-friendly']","IDR 885,416",Bandung
OYO 2183 Cibeureum Residence,2-star hotel,3.5,(26),"['Free Wi-Fi', 'Parking ($)', 'Air conditioning']","IDR 95,624",Bandung
Airy Gudangkahuripan Raya Lembang 15 Bandung,2-star hotel,4.3,(61),['Child-friendly'],0,Bandung
Hotel & Resto Kalimasada,2-star hotel,4.3,(493),"['Free breakfast', 'Free Wi-Fi', 'Free parking', 'Air conditioning', 'Restaurant', 'Room service', 'Full-service laundry', 'Child-friendly']",0,Bandung
RedDoorz Plus near Bandung Indah Plaza,2-star hotel,4.6,(133),"['Free Wi-Fi', 'Free parking', 'Pool', 'Room service', 'Full-service laundry', 'Child-friendly']",0,Bandung
De Bukit Dago Villa,2-star hotel,4.3,(68),['Free Wi-Fi'],0,Bandung
ZEN Premium Near Rumah Mode,2-star hotel,4.8,(5),"['Pet-friendly', 'Child-friendly']",0,Bandung
Sang Surya Guest House,2-star hotel,4.4,(140),"['Air conditioning', 'Child-friendly']",0,Bandung
Chrysanta Hotel,2-star hotel,3.2,(388),"['Breakfast', 'Free Wi-Fi', 'Parking', 'Air conditioning', 'Airport shuttle', 'Child-friendly']",0,Bandung
NINE Inn by edOTEL d'best hospitality,2-star hotel,4.8,(51),['Free Wi-Fi'],0,Bandung
Hotel Padasuka,2-star hotel,3.7,(113),['Free Wi-Fi'],0,Bandung
Sriwijaya Hotel,-,3.9,(58),[],0,Bandung
ZEN Rooms Basic Surya Sumantri Pasteur,-,4.1,(18),[],0,Bandung
RedDoorz Plus near Asia Afrika 2,2-star hotel,4.3,(3),"['Free Wi-Fi', 'Child-friendly']",0,Bandung
OYO 3463 Cimahi Guest House,2-star hotel,4.2,(136),"['Free Wi-Fi', 'Free parking', 'Air conditioning', 'Full-service laundry']","IDR 118,410",Bandung
Kyai Luhur Guest House,2-star hotel,3.8,(129),['Air conditioning'],0,Bandung
Airy Veteran 30 Bandung,2-star hotel,4.3,(128),"['Free Wi-Fi', 'Free parking', 'Air conditioning', 'Breakfast', 'Accessible', 'Child-friendly', 'Smoke-free property']",0,Bandung
Pele Backpacker Guesthouse,2-star hotel,4.4,(291),"['Free Wi-Fi', 'Free parking', 'Pet-friendly', 'Airport shuttle', 'Child-friendly']",0,Bandung
D&D Residences,2-star hotel,4.6,(29),"['Free Wi-Fi', 'Full-service laundry']",0,Bandung
RedDoorz Plus near Bandung Station 2,2-star hotel,4.5,(24),"['Free Wi-Fi', 'Free parking', 'Full-service laundry', 'Child-friendly']",0,Bandung
Rose Chamber,2-star hotel,4.3,(172),"['Free breakfast', 'Free Wi-Fi', 'Free parking', 'Room service', 'Full-service laundry', 'Child-friendly']",0,Bandung
Pension Guesthouse,2-star hotel,4.4,(118),"['Free Wi-Fi', 'Free parking', 'Air conditioning', 'Child-friendly']",0,Bandung
RedDoorz Syariah near BTC Fashion Mall,2-star hotel,3.5,(254),"['Free Wi-Fi', 'Full-service laundry']","IDR 91,615",Bandung
ZEN Rooms Cipedes Tengah,2-star hotel,4,(76),"['Air conditioning', 'Child-friendly']",0,Bandung
OYO 964 Bandung Central Guest House,2-star hotel,4.3,(138),"['Free Wi-Fi', 'Free parking', 'Air conditioning', 'Child-friendly']",0,Bandung
RedDoorz @ Buah Batu 2,2-star hotel,4.1,(139),"['Free Wi-Fi', 'Air conditioning']","IDR 113,274",Bandung
RedDoorz Plus near Farmhouse Lembang,2-star hotel,4,(58),"['Free Wi-Fi', 'Free parking', 'Pool', 'Full-service laundry', 'Child-friendly']",0,Bandung
Wisma Bahagia Hotel,2-star hotel,3.6,(30),"['Free Wi-Fi', 'Free parking', 'Air conditioning', 'Child-friendly']",0,Bandung
Nins Villa,2-star hotel,4.6,(9),"['Free Wi-Fi', 'Child-friendly']",0,Bandung
Zen Rooms Pangaran Dalem Kaum,2-star hotel,3.8,(11),"['Pet-friendly', 'Child-friendly']",0,Bandung
Airy Cihampelas 179 Bandung,2-star hotel,4,(27),"['Free Wi-Fi', 'Air conditioning', 'Breakfast', 'Parking', 'Smoke-free property']",0,Bandung
OYO 90563 Socialite Dago Asri,2-star hotel,4,(73),"['Free Wi-Fi', 'Air conditioning']",0,Bandung
Rumah Dyandra,2-star hotel,4.2,(67),['Child-friendly'],0,Bandung
Airy Eco Gatot Subroto Halimun 12 Bandung,2-star hotel,4.5,(13),['Child-friendly'],0,Bandung
OYO 3462 Cimindi Residence,2-star hotel,4,(267),"['Free Wi-Fi', 'Air conditioning', 'Full-service laundry']","IDR 136,270",Bandung
RedDoorz near Gedung Sate,2-star hotel,4,(16),"['Free Wi-Fi', 'Free parking', 'Air conditioning', 'Child-friendly']",0,Bandung
Bumi Alamanda Guest House,2-star hotel,4.4,(60),['Child-friendly'],0,Bandung
Zatarana Guest House Syariah,2-star hotel,4,(71),['Child-friendly'],0,Bandung
NIDA Rooms Surya Samantri Coblong at Asoka Inn,2-star hotel,5,(1),['Child-friendly'],0,Bandung
Pringgodani Guest House,2-star hotel,4.2,(206),"['Wi-Fi', 'Free parking', 'Full-service laundry', 'Child-friendly']",0,Bandung
RedDoorz @ Pasir Koja,2-star hotel,4.4,(23),"['Free breakfast', 'Free Wi-Fi', 'Free parking', 'Air conditioning', 'Full-service laundry', 'Child-friendly']",0,Bandung
Junjunan Dalam Sharia Guesthouse,2-star hotel,4,(28),"['Free Wi-Fi', 'Airport shuttle']",0,Bandung
Kulem Rangga Gempol,2-star hotel,4,(29),['Child-friendly'],0,Bandung
OYO 1139 Rossan Villa 2,2-star hotel,3.9,(61),['Child-friendly'],0,Bandung
RedDoorz near Paris Van Java,2-star hotel,4.1,(7),"['Free Wi-Fi', 'Free parking', 'Air conditioning', 'Full-service laundry']",0,Bandung
Simply Homy Pasteur,2-star hotel,4.3,(27),['Child-friendly'],0,Bandung
De Sun Pasteur Guest House,2-star hotel,4,(45),"['Free Wi-Fi', 'Free parking']",0,Bandung
OYO 3406 Pandu Prima Guest House,2-star hotel,3.6,(41),"['Free Wi-Fi', 'Free parking', 'Air conditioning']","IDR 234,530",Bandung
Cibogo 55,2-star hotel,4.1,(38),"['Free Wi-Fi', 'Full-service laundry']",0,Bandung
ibis Bandung Pasteur,3-star hotel,4.4,"(4,983)","['Breakfast', 'Free Wi-Fi', 'Free parking', 'Air conditioning', 'Bar', 'Restaurant', 'Room service', 'Airport shuttle']","IDR 499,988",Bandung
The Dago Highland Resort and Spa,3-star hotel,4.2,"(1,878)","['Free breakfast', 'Free Wi-Fi', 'Free parking', 'Outdoor pool', 'Air conditioning', 'Restaurant', 'Room service', 'Full-service laundry']","IDR 588,207",Bandung
Tebu Hotel,3-star hotel,4.2,"(2,884)","['Breakfast', 'Free Wi-Fi', 'Free parking', 'Air conditioning', 'Restaurant', 'Room service', 'Airport shuttle', 'Full-service laundry']","IDR 360,383",Bandung
Bali World Hotel,3-star hotel,4.2,"(3,027)","['Free breakfast', 'Free Wi-Fi', 'Free parking', 'Outdoor pool', 'Air conditioning', 'Spa', 'Restaurant', 'Room service']","IDR 385,862",Bandung
ibis Bandung Trans Studio,3-star hotel,4.5,"(10,897)","['Breakfast', 'Free Wi-Fi', 'Free parking', 'Air conditioning', 'Spa', 'Bar', 'Restaurant', 'Room service']","IDR 599,491",Bandung
Gumilang Regency Hotel,3-star hotel,4.3,"(5,127)","['Breakfast ($)', 'Free Wi-Fi', 'Parking ($)', 'Outdoor pool', 'Air conditioning', 'Fitness centre', 'Spa', 'Bar']","IDR 357,039",Bandung
Grand Sovia Hotel,3-star hotel,4.2,"(3,533)","['Free breakfast', 'Free Wi-Fi', 'Free parking', 'Outdoor pool', 'Air conditioning', 'Spa', 'Restaurant', 'Room service']","IDR 338,184",Bandung
Hotel Daily Inn Bandung,3-star hotel,4.5,(237),"['Free Wi-Fi', 'Pool', 'Restaurant']","IDR 218,392",Bandung
Bobobox Alun Alun,3-star hotel,4.7,(599),['Free Wi-Fi'],"IDR 188,874",Bandung
Summer Hills Hotel & Villas,3-star hotel,4.3,"(2,213)","['Free breakfast', 'Free Wi-Fi', 'Free parking', 'Outdoor pool', 'Air conditioning', 'Restaurant', 'Room service', 'Airport shuttle']","IDR 349,210",Bandung
Serela Waringin Hotel,3-star hotel,4,"(1,437)","['Breakfast', 'Free Wi-Fi', 'Free parking', 'Indoor pool', 'Air conditioning', 'Restaurant', 'Room service', 'Full-service laundry']","IDR 387,072",Bandung
Zest Hotel Sukajadi,3-star hotel,4.4,"(4,116)","['Free breakfast', 'Free Wi-Fi', 'Free parking', 'Air conditioning', 'Restaurant', 'Room service', 'Airport shuttle', 'Full-service laundry']","IDR 499,827",Bandung
The Silk At Dago,3-star hotel,4.3,(965),"['Free breakfast', 'Free Wi-Fi', 'Free parking', 'Outdoor pool', 'Air conditioning', 'Spa', 'Restaurant', 'Room service']","IDR 396,000",Bandung
Salis Hotel,3-star hotel,4.2,"(2,486)","['Free breakfast', 'Free Wi-Fi', 'Free parking', 'Air conditioning', 'Restaurant', 'Room service', 'Full-service laundry', 'Accessible']","IDR 200,000",Bandung
Kimaya Braga Bandung by HARRIS,3-star hotel,4.4,"(4,991)","['Free breakfast', 'Free Wi-Fi', 'Free parking', 'Outdoor pool', 'Air conditioning', 'Spa', 'Bar', 'Restaurant']","IDR 650,124",Bandung
Grand Viveana Hotel,3-star hotel,4.4,(755),"['Free breakfast', 'Free Wi-Fi', 'Free parking', 'Air conditioning', 'Restaurant', 'Room service', 'Airport shuttle', 'Full-service laundry']","IDR 320,205",Bandung
Kuldesak Villas,-,4.5,(476),"['Free Wi-Fi', 'Free parking', 'Outdoor pool', 'Air conditioning', 'Fitness centre', 'Restaurant', 'Room service', 'Kitchen in rooms', 'Airport shuttle']","IDR 350,000",Bandung
Meize City Center,3-star hotel,4.2,"(3,007)","['Free breakfast', 'Free Wi-Fi', 'Free parking', 'Air conditioning', 'Spa', 'Restaurant', 'Room service', 'Full-service laundry']","IDR 276,017",Bandung
Hotel 88 Bandung Kopo,3-star hotel,4.3,"(2,231)","['Free breakfast', 'Free Wi-Fi', 'Free parking', 'Air conditioning', 'Spa', 'Restaurant', 'Room service', 'Airport shuttle']","IDR 371,029",Bandung
The Newton Hotel,3-star hotel,4.1,"(1,735)","['Free breakfast', 'Free Wi-Fi', 'Free parking', 'Pool', 'Air conditioning', 'Restaurant', 'Room service', 'Full-service laundry']","IDR 299,250",Bandung
Mutiara Hotel and Convention Bandung,3-star hotel,4.2,"(1,865)","['Free breakfast', 'Free Wi-Fi', 'Free parking', 'Outdoor pool', 'Air conditioning', 'Restaurant', 'Room service', 'Full-service laundry']","IDR 211,383",Bandung
Atlantic City Hotel,3-star hotel,4.3,"(2,783)","['Breakfast', 'Free Wi-Fi', 'Free parking', 'Air conditioning', 'Restaurant', 'Room service', 'Full-service laundry', 'Accessible']","IDR 383,903",Bandung
The Cherry Homes Hotel & Residence,3-star hotel,4.2,"(1,253)","['Breakfast', 'Free Wi-Fi', 'Free parking', 'Air conditioning', 'Restaurant', 'Room service', 'Kitchen in some rooms', 'Airport shuttle']","IDR 199,424",Bandung
"Vue Palace, ARTOTEL Curated",3-star hotel,4.4,"(1,859)","['Breakfast ($)', 'Free Wi-Fi', 'Free parking', 'Outdoor pool', 'Air conditioning', 'Spa', 'Bar', 'Restaurant']","IDR 353,600",Bandung
d'best Hotel,3-star hotel,4.2,"(1,747)","['Free breakfast', 'Free Wi-Fi', 'Free parking', 'Outdoor pool', 'Air conditioning', 'Restaurant', 'Room service', 'Airport shuttle']","IDR 290,098",Bandung
Verona Palace Hotel,3-star hotel,4.3,"(1,086)","['Free breakfast', 'Free Wi-Fi', 'Parking', 'Air conditioning', 'Restaurant', 'Room service', 'Airport shuttle', 'Full-service laundry']","IDR 328,116",Bandung
favehotel Premier - Cihampelas,3-star hotel,4.3,"(4,355)","['Breakfast', 'Free Wi-Fi', 'Free parking', 'Outdoor pool', 'Air conditioning', 'Fitness centre', 'Spa', 'Restaurant']","IDR 376,916",Bandung
Sentra Inn Bandung,3-star hotel,4.3,(357),"['Free Wi-Fi', 'Free parking', 'Air conditioning', 'Breakfast', 'Child-friendly']","IDR 140,745",Bandung
Promenade Hotel Bandung,3-star hotel,4,"(1,261)","['Free Wi-Fi', 'Free parking', 'Air conditioning', 'Spa', 'Restaurant', 'Room service', 'Airport shuttle', 'Full-service laundry']","IDR 369,609",Bandung
V Hotel & Residence,3-star hotel,4.3,"(3,976)","['Free breakfast', 'Free Wi-Fi', 'Free parking', 'Outdoor pool', 'Air conditioning', 'Fitness centre', 'Spa', 'Restaurant']","IDR 334,280",Bandung
Malaka Hotel,3-star hotel,4.4,"(3,263)","['Breakfast', 'Free Wi-Fi', 'Free parking', 'Air conditioning', 'Restaurant', 'Room service', 'Full-service laundry', 'Accessible']","IDR 665,529",Bandung
Kedaton Hotel,3-star hotel,4.3,"(2,545)","['Free breakfast', 'Free Wi-Fi', 'Free parking', 'Outdoor pool', 'Air conditioning', 'Fitness centre', 'Spa', 'Restaurant']","IDR 274,592",Bandung
FOX HARRIS Lite Metro Indah Bandung,3-star hotel,4.3,"(3,282)","['Breakfast ($)', 'Free Wi-Fi', 'Free parking', 'Air conditioning', 'Fitness centre', 'Spa', 'Bar', 'Restaurant']","IDR 299,816",Bandung
Hotel California,3-star hotel,4.5,"(2,510)","['Breakfast', 'Free Wi-Fi', 'Free parking', 'Air conditioning', 'Spa', 'Restaurant', 'Room service', 'Airport shuttle']","IDR 430,206",Bandung
Cemerlang Hotel,3-star hotel,4.3,"(1,592)","['Breakfast', 'Free Wi-Fi', 'Free parking', 'Air conditioning', 'Restaurant', 'Room service', 'Full-service laundry', 'Child-friendly']","IDR 314,813",Bandung
Janévalla Bandung,3-star hotel,4.5,"(3,275)","['Free breakfast', 'Free Wi-Fi', 'Free parking', 'Outdoor pool', 'Air conditioning', 'Fitness centre', 'Bar', 'Restaurant']","IDR 754,000",Bandung
YELLO Hotel Paskal - Bandung,3-star hotel,4.6,"(2,345)","['Breakfast', 'Free Wi-Fi', 'Free parking', 'Outdoor pool', 'Air conditioning', 'Spa', 'Restaurant', 'Room service']","IDR 646,053",Bandung
New Hemangini Hotel Bandung,3-star hotel,4.3,"(2,192)","['Free breakfast', 'Free Wi-Fi', 'Free parking', 'Indoor pool', 'Air conditioning', 'Restaurant', 'Full-service laundry', 'Accessible']","IDR 546,930",Bandung
Summerbird,3-star hotel,4.5,"(1,338)","['Free breakfast', 'Free Wi-Fi', 'Free parking', 'Air conditioning', 'Restaurant', 'Room service', 'Full-service laundry', 'Child-friendly']","IDR 479,550",Bandung
Collection O 10 Sweet Karina,3-star hotel,4.2,(886),"['Breakfast', 'Free Wi-Fi', 'Free parking', 'Air conditioning', 'Restaurant', 'Room service', 'Full-service laundry', 'Child-friendly']","IDR 184,850",Bandung
Ottenville Boutique Hotel,3-star hotel,4.3,(544),"['Free breakfast', 'Free Wi-Fi', 'Free parking', 'Air conditioning', 'Restaurant', 'Room service', 'Airport shuttle', 'Full-service laundry']","IDR 299,225",Bandung
Patra Bandung Hotel,3-star hotel,4.5,"(2,391)","['Free breakfast', 'Free Wi-Fi', 'Free parking', 'Outdoor pool', 'Air conditioning', 'Restaurant', 'Room service', 'Airport shuttle']","IDR 508,135",Bandung
ibis Bandung Pasteur,3-star hotel,4.4,"(4,983)","['Breakfast', 'Free Wi-Fi', 'Free parking', 'Air conditioning', 'Bar', 'Restaurant', 'Room service', 'Airport shuttle']","IDR 457,489",Bandung
Hotel Santika Bandung,3-star hotel,4.4,"(3,142)","['Free breakfast', 'Free Wi-Fi', 'Free parking', 'Outdoor pool', 'Air conditioning', 'Fitness centre', 'Spa', 'Restaurant']","IDR 767,531",Bandung
Grand Pacific Hotel,3-star hotel,4.3,"(2,085)","['Free breakfast', 'Free Wi-Fi', 'Free parking', 'Outdoor pool', 'Air conditioning', 'Spa', 'Restaurant', 'Room service']","IDR 305,306",Bandung
Kytos Hotel,3-star hotel,4.3,"(1,914)","['Free breakfast', 'Free Wi-Fi', 'Free parking', 'Air conditioning', 'Restaurant', 'Room service', 'Full-service laundry', 'Child-friendly']","IDR 417,964",Bandung
Clove Hotel Bandung,3-star hotel,4.3,"(5,113)","['Free breakfast', 'Free Wi-Fi', 'Free parking', 'Outdoor pool', 'Air conditioning', 'Fitness centre', 'Spa', 'Restaurant']","IDR 602,293",Bandung
Hotel Santika Pasir Koja,3-star hotel,4.6,(970),"['Free breakfast', 'Free Wi-Fi', 'Free parking', 'Outdoor pool', 'Air conditioning', 'Restaurant', 'Room service', 'Airport shuttle']","IDR 459,759",Bandung
Cherry Homes Express II Hotel,3-star hotel,4.3,(261),"['Breakfast ($)', 'Free Wi-Fi', 'Free parking', 'Air conditioning', 'Restaurant', 'Airport shuttle', 'Full-service laundry', 'Child-friendly']","IDR 230,964",Bandung
New Sany Rosa Hotel,3-star hotel,4.3,"(2,180)","['Breakfast', 'Free Wi-Fi', 'Free parking', 'Outdoor pool', 'Air conditioning', 'Restaurant', 'Room service', 'Airport shuttle']","IDR 358,754",Bandung
De Sofia Hotel,3-star hotel,4.3,"(1,370)","['Breakfast ($)', 'Free Wi-Fi', 'Free parking', 'Pool', 'Air conditioning', 'Bar', 'Restaurant', 'Room service']","IDR 380,630",Bandung
De'rain Hotel,3-star hotel,4.3,"(2,078)","['Breakfast', 'Free Wi-Fi', 'Free parking', 'Hot tub', 'Air conditioning', 'Fitness centre', 'Spa', 'Restaurant']","IDR 386,523",Bandung
Fabu Hotel,3-star hotel,4.2,"(1,795)","['Free breakfast', 'Free Wi-Fi', 'Free parking', 'Air conditioning', 'Restaurant', 'Room service', 'Full-service laundry', 'Child-friendly']","IDR 329,202",Bandung
Ivory Hotel,3-star hotel,4.5,"(1,836)","['Free breakfast', 'Free Wi-Fi', 'Free parking', 'Air conditioning', 'Restaurant', 'Room service', 'Full-service laundry', 'Child-friendly']","IDR 561,097",Bandung
The Naripan Hotel,3-star hotel,4.1,"(1,577)","['Free breakfast', 'Free Wi-Fi', 'Free parking', 'Outdoor pool', 'Air conditioning', 'Restaurant', 'Room service', 'Full-service laundry']","IDR 306,672",Bandung
Rooms Inc BTC Pasteur,3-star hotel,4.3,"(1,253)","['Breakfast', 'Free Wi-Fi', 'Parking', 'Air conditioning', 'Spa', 'Restaurant', 'Room service', 'Full-service laundry']","IDR 388,504",Bandung
Hotel Kumala,3-star hotel,4.3,(652),"['Free breakfast', 'Free Wi-Fi', 'Free parking', 'Air conditioning', 'Restaurant', 'Room service', 'Full-service laundry', 'Child-friendly']","IDR 259,366",Bandung
Noor Hotel Bandung,3-star hotel,4.6,"(1,675)","['Free breakfast', 'Free Wi-Fi', 'Free parking', 'Air conditioning', 'Restaurant', 'Room service', 'Airport shuttle', 'Full-service laundry']","IDR 895,331",Bandung
Hotel Dafam Rio,3-star hotel,4.3,(988),"['Free breakfast', 'Free Wi-Fi', 'Free parking', 'Air conditioning', 'Restaurant', 'Room service', 'Full-service laundry', 'Child-friendly']","IDR 435,789",Bandung
Accordia Dago,3-star hotel,4.2,(550),"['Free breakfast', 'Free Wi-Fi', 'Free parking', 'Air conditioning', 'Airport shuttle', 'Full-service laundry', 'Child-friendly']","IDR 351,456",Bandung
M Premiere Hotel Bandung,3-star hotel,4.4,(820),"['Free breakfast', 'Free Wi-Fi', 'Free parking', 'Air conditioning', 'Restaurant', 'Room service', 'Airport shuttle', 'Full-service laundry']","IDR 538,522",Bandung
Cinnamon Hotel,3-star hotel,4.7,"(1,347)","['Free breakfast', 'Free Wi-Fi', 'Free parking', 'Outdoor pool', 'Air conditioning', 'Restaurant', 'Room service', 'Full-service laundry']","IDR 581,826",Bandung
Capital O 1044 Diemdi Hotel,3-star hotel,4.2,(309),"['Free breakfast', 'Free Wi-Fi', 'Free parking', 'Air conditioning', 'Restaurant', 'Room service']","IDR 142,560",Bandung
d'Batoe Boutique Hotel,3-star hotel,4.2,(892),"['Free Wi-Fi', 'Air conditioning', 'Restaurant', 'Room service', 'Full-service laundry', 'Child-friendly']",0,Bandung
Oasis Siliwangi Hotel Bandung,3-star hotel,4.3,(807),"['Free breakfast', 'Free Wi-Fi', 'Parking', 'Outdoor pool', 'Restaurant', 'Room service', 'Full-service laundry', 'Child-friendly']","IDR 658,877",Bandung
Asoka Hotel Bandung,3-star hotel,4.4,(328),"['Breakfast ($)', 'Free Wi-Fi', 'Free parking', 'Air conditioning', 'Child-friendly']","IDR 207,391",Bandung
"Sukajadi Hotel, Convention and Gallery",3-star hotel,4.2,"(2,473)","['Breakfast ($)', 'Free Wi-Fi', 'Free parking', 'Outdoor pool', 'Air conditioning', 'Restaurant', 'Room service', 'Kitchen in some rooms']","IDR 202,195",Bandung
Moxy Bandung,3-star hotel,4.5,"(2,975)","['Breakfast ($)', 'Free Wi-Fi', 'Free parking', 'Air conditioning', 'Fitness centre', 'Bar', 'Restaurant', 'Room service']","IDR 912,320",Bandung
Grand Asrilia Hotel Convention & Restaurant,3-star hotel,4.4,"(1,496)","['Breakfast ($)', 'Free Wi-Fi', 'Free parking', 'Outdoor pool', 'Air conditioning', 'Restaurant', 'Room service', 'Full-service laundry']","IDR 539,609",Bandung
NEO Dipatiukur Bandung,3-star hotel,4.5,"(3,718)","['Free breakfast', 'Free Wi-Fi', 'Free parking', 'Air conditioning', 'Restaurant', 'Room service', 'Airport shuttle', 'Full-service laundry']","IDR 469,390",Bandung
Chara Hotel,3-star hotel,4.1,(978),"['Free breakfast', 'Free Wi-Fi', 'Free parking', 'Air conditioning', 'Spa', 'Restaurant', 'Room service', 'Full-service laundry']","IDR 335,406",Bandung
Hotel Serela,3-star hotel,4,"(2,281)","['Free breakfast', 'Free Wi-Fi', 'Parking', 'Air conditioning', 'Spa', 'Restaurant', 'Room service', 'Airport shuttle']","IDR 371,873",Bandung
Ardan Hotel,3-star hotel,4.4,"(1,080)","['Free breakfast', 'Free Wi-Fi', 'Free parking', 'Air conditioning', 'Restaurant', 'Room service', 'Airport shuttle', 'Full-service laundry']","IDR 414,248",Bandung
Mitra Hotel Bandung,3-star hotel,4.3,"(3,193)","['Free breakfast', 'Free Wi-Fi', 'Free parking', 'Outdoor pool', 'Air conditioning', 'Restaurant', 'Room service', 'Full-service laundry']","IDR 470,843",Bandung
Tama Boutique Hotel,3-star hotel,4.5,(896),"['Free breakfast', 'Free Wi-Fi', 'Free parking', 'Air conditioning', 'Restaurant', 'Room service', 'Airport shuttle', 'Full-service laundry']","IDR 684,665",Bandung
El Cavana Hotel,3-star hotel,4.2,"(2,532)","['Free breakfast', 'Free Wi-Fi', 'Free parking', 'Pool', 'Hot tub', 'Air conditioning', 'Fitness centre', 'Spa']","IDR 467,864",Bandung
Scarlet Dago Hotel Bandung,3-star hotel,4.1,(811),"['Free breakfast', 'Free Wi-Fi', 'Free parking', 'Air conditioning', 'Restaurant', 'Room service', 'Airport shuttle', 'Full-service laundry']","IDR 599,608",Bandung
ibis Styles Bandung Grand Central,3-star hotel,4.7,"(1,023)","['Breakfast', 'Free Wi-Fi', 'Free parking', 'Air conditioning', 'Restaurant', 'Room service', 'Airport shuttle', 'Full-service laundry']","IDR 626,500",Bandung
Tibera Hotel,3-star hotel,4.4,(565),"['Free breakfast', 'Free Wi-Fi', 'Free parking', 'Air conditioning', 'Restaurant', 'Room service', 'Full-service laundry', 'Child-friendly']","IDR 600,000",Bandung
Pasar Baru Square Hotel Bandung,3-star hotel,4.3,"(11,511)","['Free breakfast', 'Free Wi-Fi', 'Free parking', 'Air conditioning', 'Restaurant', 'Room service', 'Airport shuttle', 'Full-service laundry']","IDR 331,044",Bandung
Tibera Hotel Ciumbuleuit,3-star hotel,4.4,(587),"['Free breakfast', 'Free Wi-Fi', 'Free parking', 'Air conditioning', 'Restaurant', 'Room service', 'Full-service laundry', 'Child-friendly']","IDR 329,460",Bandung
Urbanview Hotel Grand Malabar Bandung,3-star hotel,4,(158),"['Free Wi-Fi', 'Free parking', 'Breakfast', 'Room service', 'Full-service laundry', 'Child-friendly', 'Smoke-free property']","IDR 398,157",Bandung
Hay Bandung,3-star hotel,4.3,"(1,244)","['Free breakfast', 'Free Wi-Fi', 'Free parking', 'Air conditioning', 'Restaurant', 'Room service', 'Full-service laundry', 'Child-friendly']","IDR 604,422",Bandung
Collection O 22 Hotel Pasar Baru Heritage,3-star hotel,3.9,(459),"['Free Wi-Fi', 'Air conditioning']","IDR 198,751",Bandung
Kenangan Hotel,3-star hotel,4.3,(542),"['Free breakfast', 'Free Wi-Fi', 'Free parking', 'Air conditioning', 'Restaurant', 'Room service', 'Full-service laundry', 'Child-friendly']","IDR 196,301",Bandung
Serela Cihampelas Hotel,3-star hotel,4.1,"(2,376)","['Breakfast', 'Free Wi-Fi', 'Free parking', 'Air conditioning', 'Restaurant', 'Room service', 'Airport shuttle', 'Full-service laundry']","IDR 472,210",Bandung
Stevie G Hotel,3-star hotel,4.3,(477),"['Free breakfast', 'Free Wi-Fi', 'Free parking', 'Air conditioning', 'Restaurant', 'Room service', 'Full-service laundry', 'Child-friendly']",0,Bandung
Geary Hotel,3-star hotel,4.5,"(1,166)","['Free breakfast', 'Free Wi-Fi', 'Free parking', 'Air conditioning', 'Restaurant', 'Room service', 'Full-service laundry', 'Accessible']","IDR 494,182",Bandung
Hotel Lingga,3-star hotel,4.2,"(2,034)","['Free breakfast', 'Free Wi-Fi', 'Free parking', 'Pool', 'Air conditioning', 'Fitness centre', 'Restaurant', 'Room service']","IDR 261,630",Bandung
Amira Hotel,3-star hotel,4.3,(384),"['Free breakfast', 'Free Wi-Fi', 'Free parking', 'Air conditioning', 'Room service', 'Full-service laundry', 'Child-friendly']","IDR 278,853",Bandung
OYO 1308 Darmo Residence,3-star hotel,4.6,(340),"['Free Wi-Fi', 'Free parking', 'Air conditioning', 'Full-service laundry', 'Child-friendly']","IDR 213,469",Bandung
Villa Damar Bandung,3-star hotel,4.2,(554),"['Free breakfast', 'Free Wi-Fi', 'Free parking', 'Air conditioning', 'Spa', 'Restaurant', 'Room service', 'Kitchen in rooms']","IDR 390,800",Bandung
Hotel Grand Guci,3-star hotel,4.2,"(1,022)","['Free breakfast', 'Free Wi-Fi', 'Free parking', 'Outdoor pool', 'Air conditioning', 'Restaurant', 'Room service', 'Full-service laundry']",0,Bandung
IDEA's HOTEL,3-star hotel,4.2,"(1,573)","['Free breakfast', 'Free Wi-Fi', 'Free parking', 'Air conditioning', 'Restaurant', 'Room service', 'Full-service laundry', 'Child-friendly']","IDR 259,220",Bandung
Raffleshom Hotel,3-star hotel,4.3,"(1,044)","['Free breakfast', 'Free Wi-Fi', 'Free parking', 'Air conditioning', 'Restaurant', 'Room service', 'Airport shuttle', 'Full-service laundry']","IDR 264,813",Bandung
Hotel Bumi Asih Jaya,3-star hotel,3.8,(826),"['Free breakfast', 'Free Wi-Fi', 'Free parking', 'Air conditioning', 'Restaurant', 'Room service', 'Airport shuttle', 'Full-service laundry']","IDR 314,500",Bandung
HOTEL GUNTUR,3-star hotel,4.4,(621),"['Breakfast', 'Free Wi-Fi', 'Free parking', 'Outdoor pool', 'Air conditioning', 'Spa', 'Restaurant', 'Room service']","IDR 446,483",Bandung
Anggrek Shopping Hotel,3-star hotel,4.4,(633),"['Breakfast', 'Free Wi-Fi', 'Free parking', 'Air conditioning', 'Pet-friendly', 'Restaurant', 'Room service', 'Airport shuttle']","IDR 423,453",Bandung
Serela Merdeka Hotel,3-star hotel,4.1,"(1,513)","['Breakfast', 'Free Wi-Fi', 'Free parking', 'Air conditioning', 'Restaurant', 'Room service', 'Airport shuttle', 'Full-service laundry']","IDR 358,613",Bandung
Anggrek Shopping Hotel,3-star hotel,4.4,(633),"['Breakfast', 'Free Wi-Fi', 'Free parking', 'Air conditioning', 'Pet-friendly', 'Restaurant', 'Room service', 'Airport shuttle']","IDR 423,453",Bandung
Dequr Hotel Dipati Ukur,3-star hotel,3.6,(310),"['Breakfast', 'Free Wi-Fi', 'Free parking', 'Air conditioning', 'Restaurant', 'Room service', 'Full-service laundry', 'Child-friendly']","IDR 197,051",Bandung
Ruby Hotel Syariah,3-star hotel,4.5,(955),"['Free breakfast', 'Free Wi-Fi', 'Free parking', 'Outdoor pool', 'Air conditioning', 'Restaurant', 'Room service', 'Full-service laundry']","IDR 432,658",Bandung
De Batara Hotel,3-star hotel,4.1,"(2,847)","['Breakfast', 'Free Wi-Fi', 'Parking', 'Air conditioning', 'Restaurant', 'Room service', 'Full-service laundry', 'Child-friendly']",0,Bandung
CassaDua Hotel,3-star hotel,3.8,(778),"['Free Wi-Fi', 'Air conditioning', 'Full-service laundry', 'Child-friendly']","IDR 116,045",Bandung
Capital O 2239 Hotel Endah Parahyangan,3-star hotel,3.9,"(3,067)","['Free breakfast', 'Free Wi-Fi', 'Free parking', 'Outdoor pool', 'Air conditioning', 'Restaurant', 'Room service', 'Airport shuttle']",0,Bandung
Collection O 17 Hotel Btc Bandung,3-star hotel,4.4,(102),"['Free Wi-Fi', 'Air conditioning', 'Restaurant', 'Room service', 'Full-service laundry']","IDR 427,700",Bandung
Grand Hani Hotel,3-star hotel,4.1,"(1,740)","['Free breakfast', 'Free Wi-Fi', 'Free parking', 'Outdoor pool', 'Air conditioning', 'Restaurant', 'Room service', 'Full-service laundry']",0,Bandung
Residences by RedDoorz,3-star hotel,4,(448),"['Free Wi-Fi', 'Free parking', 'Room service', 'Child-friendly']","IDR 112,345",Bandung
Hotel Mawar,3-star hotel,4.2,(425),"['Free breakfast', 'Free Wi-Fi', 'Free parking', 'Air conditioning', 'Full-service laundry', 'Child-friendly']",0,Bandung
Hotel Royal Palace,3-star hotel,3.8,(155),"['Free breakfast', 'Free Wi-Fi', 'Free parking', 'Air conditioning', 'Restaurant', 'Room service', 'Airport shuttle', 'Full-service laundry']","IDR 796,875",Bandung
Hotel Bali Indah,3-star hotel,3.5,(925),"['Free Wi-Fi', 'Free parking', 'Child-friendly']","IDR 125,184",Bandung
Hotel Narapati Indah Syariah,3-star hotel,4.3,(471),"['Free Wi-Fi', 'Free parking', 'Air conditioning', 'Restaurant', 'Room service', 'Full-service laundry', 'Child-friendly']","IDR 247,696",Bandung
Hotel Royal Dago,3-star hotel,4,(331),"['Free breakfast', 'Free Wi-Fi', 'Free parking', 'Air conditioning', 'Restaurant', 'Room service', 'Full-service laundry', 'Child-friendly']",0,Bandung
RedDoorz Plus near Kampung Gajah 3,3-star hotel,3.7,(136),"['Wi-Fi', 'Free parking', 'Indoor pool', 'Air conditioning', 'Full-service laundry', 'Child-friendly']","IDR 200,130",Bandung
Hotel Ilos,3-star hotel,4.5,(699),"['Free breakfast', 'Free Wi-Fi', 'Air conditioning', 'Restaurant', 'Room service', 'Airport shuttle', 'Full-service laundry', 'Child-friendly']","IDR 299,000",Bandung
Hotel Ponty's Garden,3-star hotel,4.3,(403),"['Free breakfast', 'Free Wi-Fi', 'Free parking', 'Air conditioning', 'Room service', 'Full-service laundry', 'Child-friendly']",0,Bandung
RedDoorz Plus near Museum Geologi Bandung,3-star hotel,4.4,(36),"['Free Wi-Fi', 'Free parking', 'Air conditioning', 'Restaurant', 'Child-friendly']","IDR 166,439",Bandung
Emia Hotel,3-star hotel,3.9,(381),"['Breakfast', 'Free Wi-Fi', 'Free parking', 'Air conditioning', 'Full-service laundry', 'Child-friendly']",0,Bandung
Hotel Sabang,3-star hotel,4.4,(621),"['Free Wi-Fi', 'Parking', 'Air conditioning', 'Restaurant', 'Room service', 'Full-service laundry', 'Child-friendly']",0,Bandung
Airy Batununggal Soekarno Hatta 452A,3-star hotel,3.4,(31),"['Free Wi-Fi', 'Air conditioning', 'Breakfast', 'Parking', 'Restaurant', 'Room service', 'Smoke-free property']",0,Bandung
Airy Cicendo Ehrlich 7 Bandung,3-star hotel,4.2,(146),"['Free Wi-Fi', 'Parking', 'Air conditioning', 'Smoke-free property']",0,Bandung
RedDoorz Plus @ Cihampelas 3,3-star hotel,4.1,(243),"['Free Wi-Fi', 'Pool', 'Restaurant', 'Room service', 'Child-friendly']",0,Bandung
Airy Gedung Sate Muararajeun 24 Bandung,3-star hotel,4.7,(165),"['Breakfast', 'Free Wi-Fi', 'Free parking', 'Air conditioning', 'Accessible', 'Child-friendly', 'Smoke-free property']",0,Bandung
Airy Lengkong Buah Batu 152 Bandung,3-star hotel,3.8,(9),"['Free Wi-Fi', 'Free parking', 'Air conditioning', 'Breakfast', 'Restaurant', 'Room service', 'Accessible', 'Child-friendly']",0,Bandung
RedDoorz near Parahyangan University,3-star hotel,4.3,(148),"['Free Wi-Fi', 'Free parking', 'Air conditioning', 'Room service', 'Full-service laundry', 'Child-friendly']","IDR 141,110",Bandung
Airy Citarum Riau Junction Bandung,3-star hotel,4.1,(26),"['Free breakfast', 'Free Wi-Fi', 'Free parking', 'Room service', 'Full-service laundry']",0,Bandung
OYO 2675 Hotel Sebelas Syariah,3-star hotel,4,(154),"['Free Wi-Fi', 'Free parking', 'Air conditioning', 'Room service', 'Full-service laundry', 'Child-friendly']",0,Bandung
Airy Eco Cihapit Riau Martadinata 191 Bandung,3-star hotel,3.9,(266),"['Breakfast', 'Child-friendly']",0,Bandung
The Valley Resort Hotel,3-star hotel,4.5,"(2,901)","['Free breakfast', 'Free Wi-Fi', 'Free parking', 'Outdoor pool', 'Hot tub', 'Air conditioning', 'Fitness centre', 'Spa']",0,Bandung
Hotel Perdana Wisata,3-star hotel,3.2,(411),"['Free breakfast', 'Free Wi-Fi', 'Parking', 'Outdoor pool', 'Restaurant', 'Room service', 'Full-service laundry', 'Child-friendly']",0,Bandung
Hotel Daily Inn Bandung,3-star hotel,4.5,(237),"['Free Wi-Fi', 'Pool', 'Restaurant']","IDR 218,392",Bandung
Bobobox Alun Alun,3-star hotel,4.7,(599),['Free Wi-Fi'],"IDR 188,874",Bandung
The Silk At Dago,3-star hotel,4.3,(965),"['Free breakfast', 'Free Wi-Fi', 'Free parking', 'Outdoor pool', 'Air conditioning', 'Spa', 'Restaurant', 'Room service']","IDR 396,000",Bandung
Ahadiat Hotel & Bungalow,3-star hotel,4.4,"(1,762)","['Free breakfast', 'Free Wi-Fi', 'Free parking', 'Outdoor pool', 'Air conditioning', 'Restaurant', 'Room service', 'Airport shuttle']","IDR 531,623",Bandung
The Dago Highland Resort and Spa,3-star hotel,4.2,"(1,878)","['Free breakfast', 'Free Wi-Fi', 'Free parking', 'Outdoor pool', 'Air conditioning', 'Restaurant', 'Room service', 'Full-service laundry']","IDR 453,008",Bandung
OYO 90278 Hotel Sepuluh Buah Batu Bandung,3-star hotel,4.3,(39),"['Free Wi-Fi', 'Air conditioning']","IDR 97,310",Bandung
Vio Hotel Pasteur,3-star hotel,4.2,"(2,600)","['Breakfast', 'Free Wi-Fi', 'Free parking', 'Air conditioning', 'Restaurant', 'Room service', 'Airport shuttle', 'Full-service laundry']","IDR 269,500",Bandung
Bumi Bandhawa Hotel,3-star hotel,4.3,(754),"['Free breakfast', 'Free Wi-Fi', 'Free parking', 'Outdoor pool', 'Air conditioning', 'Pet-friendly', 'Restaurant', 'Room service']","IDR 431,200",Bandung
Alam Permai Hotel,3-star hotel,4,"(1,089)","['Free breakfast', 'Free Wi-Fi', 'Free parking', 'Air conditioning', 'Restaurant', 'Room service', 'Full-service laundry', 'Child-friendly']","IDR 179,885",Bandung
SevenGrams coffee & eatery,3-star hotel,4.4,(679),"['Free Wi-Fi', 'Air conditioning', 'Restaurant', 'Room service', 'Full-service laundry', 'Child-friendly']","IDR 263,004",Bandung
Hotel Gandasari,3-star hotel,4.2,(636),"['Breakfast ($)', 'Free Wi-Fi', 'Free parking', 'Air conditioning', 'Restaurant', 'Room service', 'Full-service laundry', 'Accessible']","IDR 249,998",Bandung
The Regia Dago,3-star hotel,4.3,(378),"['Free breakfast', 'Free Wi-Fi', 'Free parking', 'Air conditioning', 'Full-service laundry', 'Child-friendly']","IDR 296,888",Bandung
House Sangkuriang Bandung,3-star hotel,4.5,"(1,699)","['Free breakfast', 'Free Wi-Fi', 'Free parking', 'Outdoor pool', 'Air conditioning', 'Restaurant', 'Room service', 'Airport shuttle']","IDR 467,500",Bandung
YOKOTEL CITY,3-star hotel,4.8,(239),"['Free breakfast', 'Free Wi-Fi', 'Free parking', 'Air conditioning', 'Room service']","IDR 282,220",Bandung
Namin Hotel - Bandung,3-star hotel,4.2,(974),"['Free breakfast', 'Free Wi-Fi', 'Free parking', 'Air conditioning', 'Spa', 'Restaurant', 'Room service', 'Airport shuttle']","IDR 583,446",Bandung
OYO 295 Grha Ciumbuleuit Guest House,3-star hotel,4.3,"(2,056)","['Free breakfast', 'Free Wi-Fi', 'Free parking', 'Outdoor pool', 'Air conditioning', 'Fitness centre', 'Restaurant', 'Room service']","IDR 153,640",Bandung
Mercure Bandung City Centre,4-star hotel,4.5,"(5,683)","['Breakfast', 'Free Wi-Fi', 'Parking', 'Outdoor pool', 'Air conditioning', 'Fitness centre', 'Spa', 'Bar']","IDR 949,500",Bandung
Grand Tjokro Premiere Bandung,4-star hotel,4.5,"(13,465)","['Breakfast ($)', 'Free Wi-Fi', 'Free parking', 'Outdoor pool', 'Air conditioning', 'Fitness centre', 'Spa', 'Restaurant']","IDR 698,113",Bandung
Hotel Savoy Homann,4-star hotel,4.6,"(7,961)","['Free breakfast', 'Free Wi-Fi', 'Free parking', 'Pools', 'Air conditioning', 'Fitness centre', 'Spa', 'Bar']","IDR 439,995",Bandung
éL Hotel Royale Bandung,4-star hotel,4.6,"(15,576)","['Breakfast', 'Free Wi-Fi', 'Free parking', 'Outdoor pool', 'Air conditioning', 'Fitness centre', 'Spa', 'Restaurant']","IDR 641,812",Bandung
Harris Hotel & Convention Ciumbuleuit Bandung,4-star hotel,4.5,"(6,355)","['Breakfast ($)', 'Free Wi-Fi', 'Free parking', 'Pools', 'Air conditioning', 'Fitness centre', 'Bar', 'Restaurant']","IDR 580,503",Bandung
Banana Inn Hotel Bandung,4-star hotel,4.3,"(2,753)","['Breakfast', 'Free Wi-Fi', 'Parking', 'Outdoor pool', 'Hot tub', 'Air conditioning', 'Fitness centre', 'Spa']","IDR 446,342",Bandung
Harris Hotel & Conventions Festival Citylink Bandung,4-star hotel,4.5,"(5,085)","['Free breakfast', 'Free Wi-Fi', 'Free parking', 'Pool', 'Air conditioning', 'Spa', 'Restaurant', 'Room service']","IDR 356,315",Bandung
Grand Pasundan Convention Hotel,4-star hotel,4.4,"(6,714)","['Free breakfast', 'Free Wi-Fi', 'Parking ($)', 'Outdoor pool', 'Air conditioning', 'Fitness centre', 'Spa', 'Bar']","IDR 295,203",Bandung
Grand Tjokro Premiere Bandung,4-star hotel,4.5,"(13,467)","['Breakfast ($)', 'Free Wi-Fi', 'Free parking', 'Outdoor pool', 'Air conditioning', 'Fitness centre', 'Spa', 'Restaurant']","IDR 527,879",Bandung
THE 1O1 Bandung Dago,4-star hotel,4.5,"(5,255)","['Breakfast', 'Free Wi-Fi', 'Free parking', 'Indoor pool', 'Air conditioning', 'Fitness centre', 'Spa', 'Restaurant']","IDR 796,460",Bandung
Horison Ultima Hotel,4-star hotel,4.2,"(8,483)","['Breakfast', 'Free Wi-Fi', 'Free parking', 'Outdoor pool', 'Air conditioning', 'Fitness centre', 'Spa', 'Restaurant']","IDR 415,507",Bandung
de Braga by ARTOTEL,4-star hotel,4.6,"(2,155)","['Breakfast', 'Free Wi-Fi', 'Free parking', 'Outdoor pool', 'Air conditioning', 'Restaurant', 'Room service', 'Airport shuttle']","IDR 607,562",Bandung
Mercure Bandung City Centre,4-star hotel,4.5,"(5,683)","['Breakfast', 'Free Wi-Fi', 'Parking', 'Outdoor pool', 'Air conditioning', 'Fitness centre', 'Spa', 'Bar']","IDR 943,462",Bandung
West Point Hotel,4-star hotel,4.3,"(3,689)","['Free breakfast', 'Free Wi-Fi', 'Parking', 'Air conditioning', 'Restaurant', 'Room service', 'Airport shuttle', 'Full-service laundry']","IDR 650,000",Bandung
Mercure Bandung Nexa Supratman,4-star hotel,4.5,"(5,317)","['Breakfast', 'Free Wi-Fi', 'Free parking', 'Pool', 'Air conditioning', 'Fitness centre', 'Spa', 'Restaurant']","IDR 976,883",Bandung
Courtyard by Marriott Bandung Dago,4-star hotel,4.6,"(4,182)","['Breakfast ($)', 'Free Wi-Fi', 'Free parking', 'Outdoor pool', 'Air conditioning', 'Fitness centre', 'Spa', 'Bar']","IDR 2,422,914",Bandung
ASTON Pasteur,4-star hotel,4.5,"(10,453)","['Breakfast', 'Free Wi-Fi', 'Parking', 'Outdoor pool', 'Hot tub', 'Air conditioning', 'Fitness centre', 'Spa']","IDR 736,372",Bandung
Amaroossa Hotel Bandung,4-star hotel,4.3,"(3,478)","['Breakfast', 'Free Wi-Fi', 'Free parking', 'Outdoor pool', 'Air conditioning', 'Fitness centre', 'Spa', 'Restaurant']","IDR 649,510",Bandung
PRIME PARK Hotel Bandung,4-star hotel,4.4,"(3,918)","['Free breakfast', 'Free Wi-Fi', 'Free parking', 'Outdoor pool', 'Air conditioning', 'Fitness centre', 'Spa', 'Restaurant']","IDR 427,284",Bandung
Sheo Resort Hotel,4-star hotel,4.1,"(2,902)","['Free breakfast', 'Free Wi-Fi', 'Free parking', 'Outdoor pool', 'Air conditioning', 'Spa', 'Restaurant', 'Room service']","IDR 336,766",Bandung
Swiss-Belresort Dago Heritage,4-star hotel,4.6,"(5,839)","['Free breakfast', 'Free Wi-Fi', 'Free parking', 'Outdoor pool', 'Fitness centre', 'Spa', 'Restaurant', 'Room service']","IDR 1,211,699",Bandung
Grand Hotel Preanger,4-star hotel,4.5,"(5,967)","['Free breakfast', 'Free Wi-Fi', 'Free parking', 'Outdoor pool', 'Air conditioning', 'Fitness centre', 'Spa', 'Bar']","IDR 874,930",Bandung
Novotel Bandung,4-star hotel,4.5,"(6,223)","['Breakfast', 'Free Wi-Fi', 'Free parking', 'Outdoor pool', 'Hot tub', 'Air conditioning', 'Fitness centre', 'Spa']","IDR 796,611",Bandung
Grand Tebu Hotel Bandung,4-star hotel,4.4,"(3,685)","['Breakfast', 'Free Wi-Fi', 'Free parking', 'Outdoor pool', 'Air conditioning', 'Fitness centre', 'Spa', 'Restaurant']","IDR 1,643,616",Bandung
Shakti Hotel,4-star hotel,4.3,"(4,564)","['Free breakfast', 'Free Wi-Fi', 'Free parking', 'Outdoor pool', 'Air conditioning', 'Fitness centre', 'Spa', 'Restaurant']","IDR 292,970",Bandung
Gino Feruci Braga Hotel,4-star hotel,3.9,"(2,950)","['Breakfast', 'Free Wi-Fi', 'Parking', 'Outdoor pool', 'Air conditioning', 'Fitness centre', 'Spa', 'Restaurant']","IDR 455,678",Bandung
Belviu Hotel Bandung,4-star hotel,4.5,"(2,803)","['Breakfast', 'Free Wi-Fi', 'Free parking', 'Outdoor pool', 'Air conditioning', 'Spa', 'Bar', 'Restaurant']","IDR 604,044",Bandung
de Java Hotel,4-star hotel,4.4,"(2,985)","['Free breakfast', 'Free Wi-Fi', 'Free parking', 'Indoor pool', 'Air conditioning', 'Fitness centre', 'Spa', 'Restaurant']",0,Bandung
FOX HARRIS Hotel City Center,4-star hotel,4.3,"(3,103)","['Breakfast ($)', 'Free Wi-Fi', 'Free parking', 'Outdoor pool', 'Air conditioning', 'Spa', 'Restaurant', 'Room service']","IDR 392,758",Bandung
Art Deco Luxury Hotel & Residence,4-star hotel,4.5,"(2,858)","['Free breakfast', 'Free Wi-Fi', 'Free parking', 'Outdoor pool', 'Hot tub', 'Air conditioning', 'Fitness centre', 'Spa']","IDR 1,696,986",Bandung
De Paviljoen,4-star hotel,4.5,"(4,919)","['Breakfast', 'Free Wi-Fi', 'Free parking', 'Pool', 'Air conditioning', 'Fitness centre', 'Spa', 'Restaurant']","IDR 625,394",Bandung
"Holiday Inn Bandung Pasteur, an IHG Hotel",4-star hotel,4.5,"(9,679)","['Breakfast ($)', 'Free Wi-Fi', 'Free parking', 'Pools', 'Air conditioning', 'Fitness centre', 'Spa', 'Bar']","IDR 851,351",Bandung
The Jayakarta Suites Bandung,4-star hotel,4.5,"(7,068)","['Free breakfast', 'Free Wi-Fi', 'Free parking', 'Outdoor pool', 'Hot tub', 'Air conditioning', 'Fitness centre', 'Spa']","IDR 545,833",Bandung
Travello Hotel,4-star hotel,4.4,"(2,505)","['Free breakfast', 'Free Wi-Fi', 'Free parking', 'Outdoor pool', 'Air conditioning', 'Spa', 'Restaurant', 'Room service']","IDR 511,660",Bandung
D'Sovia Hotel Bandung,4-star hotel,4.2,"(1,033)","['Free breakfast', 'Free Wi-Fi', 'Parking', 'Pool', 'Air conditioning', 'Restaurant', 'Room service', 'Full-service laundry']",0,Bandung
d'primahotel Bandung,4-star hotel,4.2,"(1,637)","['Free breakfast', 'Free Wi-Fi', 'Free parking', 'Outdoor pool', 'Air conditioning', 'Spa', 'Restaurant', 'Room service']","IDR 550,000",Bandung
Grand Serela Setiabudhi,4-star hotel,4,"(2,095)","['Breakfast', 'Free Wi-Fi', 'Parking', 'Outdoor pool', 'Air conditioning', 'Fitness centre', 'Spa', 'Restaurant']","IDR 365,655",Bandung
Grand Setiabudi Hotel,4-star hotel,4.4,"(2,077)","['Free breakfast', 'Free Wi-Fi', 'Free parking', 'Outdoor pool', 'Hot tub', 'Air conditioning', 'Fitness centre', 'Spa']","IDR 503,370",Bandung
"Grandia Hotel, Resto & Bakery",4-star hotel,4.5,"(4,066)","['Free breakfast', 'Free Wi-Fi', 'Free parking', 'Outdoor pool', 'Air conditioning', 'Fitness centre', 'Spa', 'Restaurant']","IDR 912,980",Bandung
The Luxton Hotel Bandung,4-star hotel,4.4,"(4,036)","['Breakfast', 'Free Wi-Fi', 'Free parking', 'Outdoor pool', 'Hot tub', 'Air conditioning', 'Fitness centre', 'Spa']","IDR 995,037",Bandung
Marbella Hotel Suite Bandung,4-star hotel,4.2,"(3,625)","['Free breakfast', 'Free Wi-Fi', 'Free parking', 'Outdoor pool', 'Hot tub', 'Air conditioning', 'Fitness centre', 'Spa']","IDR 1,017,530",Bandung
Grand Aquilla Hotel,4-star hotel,4.4,"(1,559)","['Free breakfast', 'Free Wi-Fi', 'Free parking', 'Outdoor pool', 'Air conditioning', 'Fitness centre', 'Spa', 'Bar']","IDR 667,759",Bandung
Sensa Hotel,4-star hotel,4.5,"(3,538)","['Free breakfast', 'Free Wi-Fi', 'Free parking', 'Outdoor pool', 'Air conditioning', 'Fitness centre', 'Spa', 'Restaurant']","IDR 775,365",Bandung
Best Western Premier La Grande,4-star hotel,4.5,"(6,356)","['Breakfast', 'Free Wi-Fi', 'Free parking', 'Pool', 'Air conditioning', 'Fitness centre', 'Spa', 'Restaurant']","IDR 994,681",Bandung
Four Points by Sheraton Bandung,4-star hotel,4.6,"(5,055)","['Breakfast ($)', 'Free Wi-Fi', 'Free parking', 'Outdoor pool', 'Air conditioning', 'Fitness centre', 'Spa', 'Bar']","IDR 2,075,045",Bandung
Galeri Ciumbuleuit Hotel,4-star hotel,4.4,"(4,550)","['Breakfast ($)', 'Free Wi-Fi', 'Free parking', 'Outdoor pool', 'Air conditioning', 'Fitness centre', 'Restaurant', 'Room service']","IDR 543,504",Bandung
Gino Feruci Kebonjati Hotel,4-star hotel,4,"(2,090)","['Free breakfast', 'Free Wi-Fi', 'Parking', 'Indoor pool', 'Air conditioning', 'Spa', 'Restaurant', 'Room service']","IDR 498,200",Bandung
Sari Ater Kamboti Bandung,4-star hotel,4.6,(795),"['Breakfast ($)', 'Free Wi-Fi', 'Parking ($)', 'Pool', 'Hot tub', 'Air conditioning', 'Fitness centre', 'Spa']","IDR 399,763",Bandung
Golden Flower Hotel,4-star hotel,4.2,"(4,484)","['Breakfast', 'Free Wi-Fi', 'Free parking', 'Outdoor pool', 'Hot tub', 'Air conditioning', 'Fitness centre', 'Spa']","IDR 442,162",Bandung
Novena Hotel,4-star hotel,4.3,"(2,094)","['Free breakfast', 'Free Wi-Fi', 'Free parking', 'Outdoor pool', 'Air conditioning', 'Restaurant', 'Room service', 'Full-service laundry']","IDR 335,403",Bandung
Blackbird Hotel,4-star hotel,4.5,(893),"['Free breakfast', 'Free Wi-Fi', 'Free parking', 'Outdoor pool', 'Air conditioning', 'Restaurant', 'Room service', 'Full-service laundry']",0,Bandung
Maison Teraskita Hotel Bandung,4-star hotel,4.5,(419),"['Free Wi-Fi', 'Free parking', 'Pool', 'Restaurant', 'Room service', 'Airport shuttle', 'Full-service laundry', 'Accessible']","IDR 620,000",Bandung
Grand Dafam Braga Bandung,4-star hotel,4.5,(416),"['Free breakfast', 'Free Wi-Fi', 'Free parking', 'Outdoor pool', 'Fitness centre', 'Bar', 'Restaurant', 'Room service']","IDR 614,770",Bandung
RedDoorz Premium,4-star hotel,4.2,(693),"['Free breakfast', 'Free Wi-Fi', 'Parking', 'Pool', 'Air conditioning', 'Restaurant', 'Room service', 'Full-service laundry']","IDR 400,270",Bandung
Asmila Boutique Hotel,4-star hotel,4.3,(791),"['Breakfast', 'Free Wi-Fi', 'Free parking', 'Outdoor pool', 'Air conditioning', 'Restaurant', 'Room service', 'Full-service laundry']","IDR 436,280",Bandung
ASTON Tropicana,4-star hotel,4.5,"(6,507)","['Breakfast', 'Free Wi-Fi', 'Free parking', 'Outdoor pool', 'Air conditioning', 'Fitness centre', 'Spa', 'Restaurant']",0,Bandung
Geulis Boutique Hotel & Cafe Bandung,4-star hotel,4.5,(645),"['Free breakfast', 'Free Wi-Fi', 'Parking', 'Outdoor pool', 'Air conditioning', 'Spa', 'Restaurant', 'Room service']",0,Bandung
Bumi Semilir Hotel and Resto,4-star hotel,4.4,(252),"['Free breakfast', 'Free Wi-Fi', 'Free parking', 'Air conditioning', 'Restaurant', 'Room service', 'Airport shuttle', 'Full-service laundry']","IDR 429,880",Bandung
Beverly Dago Apartment,4-star hotel,3.8,(62),"['Free parking', 'Pool', 'Air conditioning', 'Fitness centre', 'Room service', 'Kitchen in rooms', 'Full-service laundry']","IDR 394,793",Bandung
Kencana Villa Dago,4-star hotel,4.5,(180),"['Free Wi-Fi', 'Free parking', 'Outdoor pool', 'Air conditioning', 'Kitchen in rooms', 'Child-friendly']",0,Bandung
Bumi Sangkuriang,4-star hotel,4.5,"(3,644)","['Free breakfast', 'Free Wi-Fi', 'Free parking', 'Outdoor pool', 'Air conditioning', 'Fitness centre', 'Restaurant', 'Child-friendly']",0,Bandung
GRAND SERITI HOTEL,4-star hotel,4.6,(16),"['Free Wi-Fi', 'Pool', 'Fitness centre', 'Room service', 'Full-service laundry', 'Child-friendly']",0,Bandung
Bandung City Center,4-star hotel,4.3,(194),"['Free breakfast', 'Free Wi-Fi', 'Free parking', 'Outdoor pool', 'Air conditioning', 'Restaurant', 'Room service', 'Full-service laundry']",0,Bandung
villa bukit dago bandung,4-star hotel,4.4,(92),"['Free parking', 'Air conditioning', 'Child-friendly']",0,Bandung
Villa gamma 2 syariah,4-star hotel,3.9,(8),['Child-friendly'],0,Bandung
Hilton Bandung,5-star hotel,4.7,"(8,164)","['Breakfast ($)', 'Free Wi-Fi', 'Free parking', 'Outdoor pool', 'Hot tub', 'Air conditioning', 'Fitness centre', 'Spa']","IDR 2,178,000",Bandung
Aryaduta Hotel Bandung,5-star hotel,4.6,"(7,523)","['Breakfast ($)', 'Free Wi-Fi', 'Parking', 'Outdoor pool', 'Hot tub', 'Air conditioning', 'Fitness centre', 'Spa']","IDR 821,859",Bandung
GH Universal Hotel Bandung,5-star hotel,4.7,"(8,110)","['Free breakfast', 'Free Wi-Fi', 'Free parking', 'Outdoor pool', 'Air conditioning', 'Fitness centre', 'Spa', 'Bar']","IDR 833,419",Bandung
Aryaduta Hotel Bandung,5-star hotel,4.6,"(7,524)","['Breakfast ($)', 'Free Wi-Fi', 'Parking', 'Outdoor pool', 'Hot tub', 'Air conditioning', 'Fitness centre', 'Spa']","IDR 715,696",Bandung
"InterContinental Bandung Dago Pakar, an IHG Hotel",5-star hotel,4.7,"(9,614)","['Breakfast ($)', 'Free Wi-Fi', 'Free parking', 'Outdoor pool', 'Air conditioning', 'Fitness centre', 'Spa', 'Restaurant']",0,Bandung
The Gaia Hotel Bandung,5-star hotel,4.6,"(1,205)","['Free breakfast', 'Free Wi-Fi', 'Free parking', 'Outdoor pool', 'Air conditioning', 'Spa', 'Bar', 'Restaurant']","IDR 2,666,269",Bandung
Padma Hotel Bandung,5-star hotel,4.8,"(6,557)","['Free breakfast', 'Free Wi-Fi', 'Free parking', 'Outdoor pool', 'Hot tub', 'Air conditioning', 'Fitness centre', 'Spa']","IDR 2,900,000",Bandung
The Trans Luxury Hotel,5-star hotel,4.8,"(11,463)","['Breakfast', 'Free Wi-Fi', 'Free parking', 'Outdoor pool', 'Hot tub', 'Air conditioning', 'Fitness centre', 'Spa']","IDR 1,700,000",Bandung
Grand Mercure Bandung Setiabudi,5-star hotel,4.6,"(8,291)","['Free breakfast', 'Free Wi-Fi', 'Free parking', 'Outdoor pool', 'Air conditioning', 'Fitness centre', 'Spa', 'Bar']","IDR 1,525,768",Bandung
Hilton Bandung,5-star hotel,4.7,"(8,164)","['Breakfast ($)', 'Free Wi-Fi', 'Free parking', 'Outdoor pool', 'Hot tub', 'Air conditioning', 'Fitness centre', 'Spa']","IDR 1,985,825",Bandung
The Papandayan Hotel,5-star hotel,4.6,"(7,894)","['Breakfast', 'Free Wi-Fi', 'Free parking', 'Outdoor pool', 'Hot tub', 'Air conditioning', 'Fitness centre', 'Spa']","IDR 1,268,419",Bandung
Sheraton Bandung Hotel & Towers,5-star hotel,4.6,"(5,260)","['Breakfast ($)', 'Free Wi-Fi', 'Free parking', 'Outdoor pool', 'Air conditioning', 'Fitness centre', 'Bar', 'Restaurant']","IDR 2,584,699",Bandung
Pullman Bandung Grand Central,5-star hotel,4.7,"(2,336)","['Breakfast ($)', 'Free Wi-Fi', 'Free parking', 'Outdoor pool', 'Air conditioning', 'Fitness centre', 'Spa', 'Bar']","IDR 1,697,079",Bandung
"Crowne Plaza Bandung, an IHG Hotel",5-star hotel,4.6,"(8,801)","['Breakfast ($)', 'Free Wi-Fi', 'Free parking', 'Outdoor pool', 'Hot tub', 'Air conditioning', 'Fitness centre', 'Spa']","IDR 1,421,170",Bandung
