Name,Class,Rating,Total Rater,Facility,Price,Area
MK HOUSE TENDEAN,2-star hotel,4.4,(548),"['Free Wi-Fi', 'Air conditioning', 'Full-service laundry', 'Child-friendly']","IDR 113,133",Jakarta
RedDoorz @ Cempaka Putih,2-star hotel,4.4,(169),"['Free Wi-Fi', 'Air conditioning', 'Child-friendly']","IDR 154,526",Jakarta
Green Bamboo Residence,2-star hotel,4.2,"(1,630)","['Breakfast', 'Free Wi-Fi', 'Free parking', 'Air conditioning', 'Restaurant', 'Room service', 'Full-service laundry', 'Accessible']","IDR 159,722",Jakarta
RedDoorz Premium @ Cilandak Timur 2,2-star hotel,4.5,(243),"['Free Wi-Fi', 'Outdoor pool']","IDR 184,569",Jakarta
Zest Airport Jakarta by Swiss-Belhotel International,2-star hotel,4.2,"(4,237)","['Breakfast', 'Free Wi-Fi', 'Free parking', 'Pool', 'Air conditioning', 'Restaurant', 'Room service', 'Airport shuttle']","IDR 369,566",Jakarta
ibis budget Jakarta Airport,2-star hotel,4.2,"(9,528)","['Breakfast ($)', 'Free Wi-Fi', 'Free parking', 'Air conditioning', 'Bar', 'Restaurant', 'Room service', 'Airport shuttle']","IDR 363,825",Jakarta
OYO 266 Margonda Residence 5,2-star hotel,4.1,(191),"['Free Wi-Fi', 'Free parking', 'Outdoor pool', 'Air conditioning', 'Full-service laundry', 'Child-friendly']","IDR 128,288",Jakarta
An Hotel Jakarta,2-star hotel,3.8,(711),"['Free Wi-Fi', 'Air conditioning', 'Restaurant', 'Room service', 'Full-service laundry']","IDR 260,539",Jakarta
Amaris Hotel Thamrin City,2-star hotel,4.2,"(4,189)","['Free breakfast', 'Free Wi-Fi', 'Free parking', 'Air conditioning', 'Restaurant', 'Room service', 'Full-service laundry', 'Accessible']","IDR 295,849",Jakarta
Clay Hotel,2-star hotel,4,"(1,547)","['Free breakfast', 'Free Wi-Fi', 'Air conditioning', 'Restaurant', 'Room service', 'Full-service laundry', 'Child-friendly']","IDR 237,600",Jakarta
POP! Hotel Tebet,2-star hotel,4.1,"(2,835)","['Free breakfast', 'Free Wi-Fi', 'Free parking', 'Air conditioning', 'Restaurant', 'Room service', 'Full-service laundry', 'Child-friendly']","IDR 303,546",Jakarta
Amaris Hotel Slipi Jakarta,2-star hotel,4.5,(406),"['Free breakfast', 'Free Wi-Fi', 'Free parking', 'Air conditioning', 'Restaurant', 'Room service', 'Full-service laundry']","IDR 367,000",Jakarta
OYO 3194 Margonda Executive,2-star hotel,3.6,(179),"['Free Wi-Fi', 'Free parking', 'Pool', 'Air conditioning']","IDR 104,745",Jakarta
Daun Residence,2-star hotel,4.5,(205),"['Free Wi-Fi', 'Parking', 'Airport shuttle', 'Full-service laundry', 'Child-friendly']","IDR 337,575",Jakarta
favehotel Kelapa Gading,2-star hotel,4,"(2,689)","['Breakfast', 'Free Wi-Fi', 'Free parking', 'Air conditioning', 'Restaurant', 'Room service', 'Airport shuttle', 'Full-service laundry']","IDR 234,626",Jakarta
LeGreen Suite Tondano,2-star hotel,4,(677),"['Free breakfast', 'Free Wi-Fi', 'Free parking', 'Air conditioning', 'Full-service laundry']","IDR 276,420",Jakarta
ibis budget Jakarta Cikini,2-star hotel,4.2,"(3,552)","['Breakfast', 'Free Wi-Fi', 'Free parking', 'Air conditioning', 'Restaurant', 'Room service', 'Full-service laundry', 'Accessible']","IDR 327,915",Jakarta
Amaris Hotel Tendean Jakarta,2-star hotel,4.1,"(1,760)","['Free breakfast', 'Free Wi-Fi', 'Free parking', 'Air conditioning', 'Restaurant', 'Room service', 'Full-service laundry', 'Accessible']","IDR 299,710",Jakarta
POP! Hotel Airport Jakarta,2-star hotel,3.8,"(3,252)","['Free breakfast', 'Free Wi-Fi', 'Free parking', 'Air conditioning', 'Restaurant', 'Room service', 'Airport shuttle']","IDR 284,582",Jakarta
Whiz Hotel Falatehan Jakarta,2-star hotel,4.1,(676),"['Free breakfast', 'Free Wi-Fi', 'Free parking', 'Air conditioning', 'Restaurant', 'Room service', 'Full-service laundry', 'Child-friendly']","IDR 437,774",Jakarta
Dafam Express Jaksa Jakarta,2-star hotel,4.4,(413),"['Free breakfast', 'Free Wi-Fi', 'Free parking', 'Air conditioning', 'Restaurant', 'Room service', 'Full-service laundry']","IDR 282,838",Jakarta
Hotel 55,2-star hotel,3.8,(780),"['Breakfast', 'Free Wi-Fi', 'Air conditioning', 'Restaurant', 'Room service', 'Full-service laundry', 'Child-friendly']","IDR 142,122",Jakarta
POP! Hotel Kemang - Jakarta,2-star hotel,4.2,"(1,963)","['Breakfast', 'Free Wi-Fi', 'Free parking', 'Air conditioning', 'Restaurant', 'Room service', 'Full-service laundry', 'Accessible']","IDR 264,957",Jakarta
Amaris Hotel Seasons City,2-star hotel,4.2,"(1,954)","['Breakfast', 'Free Wi-Fi', 'Free parking', 'Air conditioning', 'Restaurant', 'Room service', 'Full-service laundry', 'Child-friendly']","IDR 236,497",Jakarta
Cordela Hotel Senen,2-star hotel,4.5,"(2,413)","['Breakfast', 'Free Wi-Fi', 'Free parking', 'Air conditioning', 'Restaurant', 'Room service', 'Airport shuttle', 'Full-service laundry']","IDR 387,611",Jakarta
OYO 1941 Aaa Residence Syariah,2-star hotel,4.3,(244),"['Free Wi-Fi', 'Air conditioning']","IDR 105,419",Jakarta
Alia Matraman Hotel,2-star hotel,4.2,(821),"['Free breakfast', 'Free Wi-Fi', 'Free parking', 'Pool', 'Air conditioning', 'Restaurant', 'Room service', 'Full-service laundry']","IDR 324,294",Jakarta
Hotel 88 Mangga Besar 120.,2-star hotel,4.2,(890),"['Free breakfast', 'Free Wi-Fi', 'Free parking', 'Air conditioning', 'Restaurant', 'Room service', 'Full-service laundry', 'Child-friendly']","IDR 204,086",Jakarta
ibis budget Jakarta Daan Mogot,2-star hotel,4.2,"(2,109)","['Breakfast', 'Free Wi-Fi', 'Free parking', 'Air conditioning', 'Fitness centre', 'Restaurant', 'Room service', 'Full-service laundry']",0,Jakarta
Amaris Hotel Juanda Jakarta,2-star hotel,4.2,"(2,120)","['Free breakfast', 'Free Wi-Fi', 'Free parking', 'Air conditioning', 'Restaurant', 'Room service', 'Full-service laundry', 'Accessible']","IDR 361,075",Jakarta
Casa Living,2-star hotel,4.2,(398),"['Free Wi-Fi', 'Air conditioning']","IDR 246,456",Jakarta
Amaris Grogol,2-star hotel,4.3,"(1,415)","['Free breakfast', 'Free Wi-Fi', 'Free parking', 'Air conditioning', 'Restaurant', 'Room service', 'Full-service laundry', 'Child-friendly']","IDR 297,266",Jakarta
LeGreen Suite Senayan,2-star hotel,3.9,(507),"['Free breakfast', 'Free Wi-Fi', 'Air conditioning', 'Full-service laundry', 'Child-friendly']","IDR 257,620",Jakarta
Amaris Hotel Senen,2-star hotel,4.1,"(1,418)","['Free breakfast', 'Free Wi-Fi', 'Free parking', 'Air conditioning', 'Restaurant', 'Room service', 'Full-service laundry', 'Child-friendly']","IDR 294,532",Jakarta
d'primahotel ITC Mangga Dua,2-star hotel,4.3,"(1,307)","['Free Wi-Fi', 'Free parking', 'Air conditioning', 'Restaurant', 'Room service', 'Full-service laundry', 'Child-friendly']","IDR 192,294",Jakarta
ibis budget Jakarta Menteng,2-star hotel,4,"(1,581)","['Breakfast', 'Free Wi-Fi', 'Free parking', 'Air conditioning', 'Restaurant', 'Room service', 'Full-service laundry', 'Child-friendly']","IDR 306,185",Jakarta
Hotel Senen Indah,2-star hotel,4.2,"(1,272)","['Breakfast ($)', 'Free Wi-Fi', 'Free parking', 'Air conditioning', 'Restaurant', 'Room service', 'Airport shuttle', 'Full-service laundry']","IDR 173,790",Jakarta
Hotel Alma,2-star hotel,4,(787),"['Free breakfast', 'Free Wi-Fi', 'Free parking', 'Air conditioning', 'Room service', 'Full-service laundry', 'Child-friendly']","IDR 142,139",Jakarta
SUMI Hotel,2-star hotel,4.1,(595),"['Free Wi-Fi', 'Free parking', 'Air conditioning', 'Full-service laundry']","IDR 194,645",Jakarta
Amaris Hotel Tebet,2-star hotel,4.1,"(1,952)","['Breakfast', 'Free Wi-Fi', 'Free parking', 'Air conditioning', 'Restaurant', 'Room service', 'Full-service laundry', 'Accessible']","IDR 364,320",Jakarta
OYO Flagship 210 Amethyst Kemayoran,2-star hotel,4.3,"(1,595)","['Free Wi-Fi', 'Free parking', 'Air conditioning', 'Full-service laundry', 'Child-friendly']","IDR 161,341",Jakarta
Hotel 88 Mangga Besar VIII,2-star hotel,4.1,"(1,556)","['Free breakfast', 'Free Wi-Fi', 'Free parking', 'Air conditioning', 'Restaurant', 'Room service', 'Full-service laundry', 'Smoke-free property']","IDR 234,977",Jakarta
Amaris Hotel Pasar Baru,2-star hotel,4.3,"(1,508)","['Free breakfast', 'Free Wi-Fi', 'Free parking', 'Air conditioning', 'Restaurant', 'Room service', 'Full-service laundry', 'Child-friendly']","IDR 343,995",Jakarta
Cipta Hotel Wahid Hasyim,2-star hotel,4.1,(695),"['Breakfast', 'Free Wi-Fi', 'Free parking', 'Air conditioning', 'Restaurant', 'Room service', 'Airport shuttle', 'Full-service laundry']","IDR 285,511",Jakarta
Sotis Residence Pejompongan,2-star hotel,4.3,"(1,305)","['Free breakfast', 'Free Wi-Fi', 'Free parking', 'Air conditioning', 'Restaurant', 'Room service', 'Airport shuttle', 'Full-service laundry']","IDR 387,600",Jakarta
Hotel Gren Alia Cikini,2-star hotel,4.3,"(2,794)","['Free breakfast', 'Free Wi-Fi', 'Parking', 'Pool', 'Air conditioning', 'Restaurant', 'Room service', 'Airport shuttle']","IDR 440,151",Jakarta
LeGreen Suite Kuningan,2-star hotel,4.1,(629),"['Free breakfast', 'Free Wi-Fi', 'Free parking', 'Air conditioning', 'Full-service laundry', 'Child-friendly']","IDR 272,317",Jakarta
Cengkareng Transit Hotel,2-star hotel,4,"(1,096)","['Free breakfast', 'Free Wi-Fi', 'Air conditioning', 'Restaurant', 'Room service', 'Airport shuttle', 'Full-service laundry', 'Child-friendly']","IDR 312,306",Jakarta
Shakti,2-star hotel,4.3,"(1,182)","['Free Wi-Fi', 'Parking', 'Air conditioning', 'Restaurant', 'Room service', 'Business centre', 'Child-friendly']","IDR 255,000",Jakarta
Amaris Hotel Pancoran,2-star hotel,4.3,"(1,751)","['Free breakfast', 'Free Wi-Fi', 'Free parking', 'Air conditioning', 'Restaurant', 'Room service', 'Full-service laundry', 'Child-friendly']","IDR 406,611",Jakarta
Shakti,2-star hotel,4.3,"(1,182)","['Free Wi-Fi', 'Parking', 'Air conditioning', 'Restaurant', 'Room service', 'Business centre', 'Child-friendly']","IDR 255,000",Jakarta
Hotel Maxim,2-star hotel,3.7,(580),"['Breakfast', 'Free Wi-Fi', 'Air conditioning', 'Restaurant', 'Airport shuttle', 'Full-service laundry', 'Child-friendly']","IDR 135,500",Jakarta
Grandboutique-Inn,2-star hotel,4,(89),"['Air conditioning', 'Full-service laundry', 'Child-friendly']","IDR 299,213",Jakarta
Amaris Hotel Pancoran,2-star hotel,4.3,"(1,751)","['Free breakfast', 'Free Wi-Fi', 'Free parking', 'Air conditioning', 'Restaurant', 'Room service', 'Full-service laundry', 'Child-friendly']","IDR 406,611",Jakarta
Jambrut Inn Hotel,2-star hotel,4.1,(202),"['Breakfast', 'Free Wi-Fi', 'Free parking', 'Air conditioning', 'Room service', 'Full-service laundry', 'Accessible', 'Child-friendly']","IDR 169,263",Jakarta
BI Executive Hotel,2-star hotel,4.5,"(1,472)","['Free breakfast', 'Free Wi-Fi', 'Free parking', 'Pool', 'Air conditioning', 'Restaurant', 'Room service', 'Full-service laundry']","IDR 402,900",Jakarta
d'primahotel WTC Mangga Dua,2-star hotel,4.3,(674),"['Breakfast', 'Free Wi-Fi', 'Air conditioning', 'Restaurant', 'Room service', 'Full-service laundry', 'Child-friendly']","IDR 216,173",Jakarta
U Stay Hotel Asem Baris Jakarta,2-star hotel,4.4,(633),"['Free Wi-Fi', 'Free parking', 'Air conditioning', 'Restaurant', 'Room service', 'Full-service laundry', 'Child-friendly']","IDR 364,650",Jakarta
V Hotel Tebet,2-star hotel,4.3,"(1,874)","['Free breakfast', 'Free Wi-Fi', 'Free parking', 'Air conditioning', 'Restaurant', 'Room service', 'Full-service laundry', 'Child-friendly']","IDR 339,151",Jakarta
OYO 148 Cempaka Place Homestay,2-star hotel,4,(651),"['Free Wi-Fi', 'Air conditioning', 'Child-friendly']","IDR 132,253",Jakarta
Sun Rise House,2-star hotel,4.3,(295),"['Free Wi-Fi', 'Outdoor pool', 'Air conditioning', 'Full-service laundry', 'Child-friendly']","IDR 187,246",Jakarta
Urbanview Hotel Bes Mangga Besar,2-star hotel,3.9,(278),"['Free Wi-Fi', 'Air conditioning', 'Restaurant', 'Room service', 'Full-service laundry', 'Child-friendly']","IDR 178,080",Jakarta
LeGreen Suite Supomo,2-star hotel,4.3,(322),"['Breakfast', 'Free Wi-Fi', 'Free parking', 'Air conditioning', 'Child-friendly']","IDR 211,939",Jakarta
RedDoorz near Hayam Wuruk,2-star hotel,3.2,(745),"['Free Wi-Fi', 'Free parking', 'Air conditioning']","IDR 94,941",Jakarta
Rota Hotel,2-star hotel,3.8,(311),"['Free breakfast', 'Free Wi-Fi', 'Free parking', 'Air conditioning', 'Restaurant', 'Room service', 'Airport shuttle', 'Full-service laundry']","IDR 306,156",Jakarta
The Nyaman Jakarta,2-star hotel,4.5,(372),"['Free breakfast', 'Free Wi-Fi', 'Free parking', 'Air conditioning', 'Restaurant', 'Room service', 'Airport shuttle', 'Full-service laundry']",0,Jakarta
RedDoorz Plus @ Cideng Barat,2-star hotel,4.3,(662),['Free Wi-Fi'],"IDR 163,875",Jakarta
Cikini Hotel,2-star hotel,4.3,"(1,084)","['Free Wi-Fi', 'Free parking', 'Air conditioning', 'Room service', 'Full-service laundry', 'Child-friendly']","IDR 257,322",Jakarta
Hotel Dragon Inn,2-star hotel,4.1,(861),"['Free breakfast', 'Free Wi-Fi', 'Free parking', 'Air conditioning', 'Restaurant', 'Room service', 'Full-service laundry', 'Child-friendly']","IDR 357,000",Jakarta
RedDoorz Plus @ Guntur Raya Setiabudi,2-star hotel,4.2,(550),"['Free Wi-Fi', 'Restaurant', 'Room service', 'Full-service laundry', 'Child-friendly']","IDR 276,137",Jakarta
C'One Hotel Pulomas,2-star hotel,4.2,(502),"['Breakfast', 'Free Wi-Fi', 'Free parking', 'Air conditioning', 'Restaurant', 'Room service']","IDR 238,908",Jakarta
OYO 1421 Kasmaran Guest House Syariah,2-star hotel,4.2,(230),"['Free Wi-Fi', 'Free parking', 'Outdoor pool', 'Air conditioning', 'Airport shuttle']","IDR 187,738",Jakarta
OYO 137 Permata Tawakal,2-star hotel,4,(332),"['Free Wi-Fi', 'Child-friendly']","IDR 103,592",Jakarta
Amaris Hotel Bandara Soekarno Hatta,2-star hotel,3.9,"(2,478)","['Free breakfast', 'Free Wi-Fi', 'Free parking', 'Air conditioning', 'Restaurant', 'Room service', 'Airport shuttle', 'Full-service laundry']","IDR 382,750",Jakarta
RedDoorz near ITC Cempaka Mas,2-star hotel,3.2,(521),['Free Wi-Fi'],"IDR 122,611",Jakarta
RedDoorz Plus @ Guntur Raya Setiabudi,2-star hotel,4.2,(550),"['Free Wi-Fi', 'Restaurant', 'Room service', 'Full-service laundry', 'Child-friendly']","IDR 276,137",Jakarta
OYO 146 Menteng Residence,2-star hotel,3.4,(184),"['Wi-Fi', 'Free parking', 'Air conditioning', 'Child-friendly']","IDR 96,622",Jakarta
OYO 137 Permata Tawakal,2-star hotel,4,(332),"['Free Wi-Fi', 'Child-friendly']","IDR 103,592",Jakarta
OYO 123 Puri Lotus,2-star hotel,3.8,(317),"['Free Wi-Fi', 'Free parking', 'Air conditioning', 'Child-friendly']","IDR 179,486",Jakarta
Golden Mansion,2-star hotel,4.1,(215),"['Free Wi-Fi', 'Air conditioning', 'Full-service laundry', 'Child-friendly']","IDR 390,469",Jakarta
LeGreen Suite Tebet,2-star hotel,4.1,(480),"['Breakfast', 'Free Wi-Fi', 'Free parking', 'Air conditioning', 'Full-service laundry']","IDR 330,137",Jakarta
Collection O 91071 Hotel Desa Wisata Tmii,2-star hotel,4.2,(927),"['Free breakfast', 'Free Wi-Fi', 'Free parking', 'Air conditioning', 'Restaurant', 'Room service', 'Full-service laundry', 'Child-friendly']","IDR 565,229",Jakarta
RedDoorz @ Jalan Gatot Subroto Jakarta,2-star hotel,4.4,(162),['Free Wi-Fi'],"IDR 223,447",Jakarta
OYO 3755 Sweet Home,2-star hotel,3.4,(58),"['Free Wi-Fi', 'Air conditioning']","IDR 62,712",Jakarta
OYO 2416 Griya Otista Syariah,2-star hotel,3.8,(160),"['Wi-Fi', 'Air conditioning']","IDR 91,444",Jakarta
Hotel Mega Proklamasi,2-star hotel,4,"(1,050)","['Free breakfast', 'Free Wi-Fi', 'Free parking', 'Air conditioning', 'Restaurant', 'Room service', 'Full-service laundry', 'Child-friendly']",0,Jakarta
OYO 2223 J&b Room Utan Kayu,2-star hotel,3.6,(213),"['Free Wi-Fi', 'Free parking', 'Air conditioning']","IDR 111,588",Jakarta
RedDoorz near Gajah Mada Plaza 2,2-star hotel,3.7,(185),['Free Wi-Fi'],"IDR 89,818",Jakarta
RedDoorz near Halim Perdanakusuma 3,2-star hotel,4.1,(159),"['Free Wi-Fi', 'Free parking', 'Air conditioning']","IDR 206,625",Jakarta
OYO 127 W Residence,2-star hotel,4,(572),"['Free Wi-Fi', 'Air conditioning']","IDR 120,668",Jakarta
Menteng 1 Hotel Jakarta,2-star hotel,3.7,(502),"['Free Wi-Fi', 'Free parking', 'Air conditioning', 'Restaurant', 'Room service', 'Full-service laundry', 'Child-friendly']",0,Jakarta
Puspita Guesthouse,2-star hotel,3.3,(74),"['Free Wi-Fi', 'Free parking', 'Air conditioning']","IDR 202,465",Jakarta
RedDoorz near Kebon Jeruk Jakarta,2-star hotel,4.4,(240),"['Free Wi-Fi', 'Parking', 'Air conditioning', 'Full-service laundry']","IDR 152,568",Jakarta
RedDoorz Plus near Tebet,2-star hotel,4.5,(258),"['Free Wi-Fi', 'Free parking', 'Air conditioning', 'Full-service laundry', 'Child-friendly']","IDR 470,080",Jakarta
OYO 181 Wisma Bintang,2-star hotel,3.9,(484),"['Free Wi-Fi', 'Air conditioning', 'Full-service laundry', 'Child-friendly']","IDR 89,425",Jakarta
OYO 2308 Seven Season Residence,2-star hotel,3.8,(242),"['Free Wi-Fi', 'Air conditioning', 'Full-service laundry']","IDR 113,750",Jakarta
Hotel Transit Pondok Tirta Sentosa,2-star hotel,3.8,(196),"['Free parking', 'Air conditioning', 'Room service']",0,Jakarta
OYO 1868 J&b Room Pramuka,2-star hotel,3.6,(155),"['Wi-Fi', 'Free parking', 'Air conditioning']","IDR 104,933",Jakarta
TATOR Hotel,2-star hotel,3.9,(192),"['Free breakfast', 'Free Wi-Fi', 'Air conditioning', 'Restaurant', 'Room service']",0,Jakarta
Studio One Hotel,2-star hotel,4.1,(603),"['Free breakfast', 'Free Wi-Fi', 'Air conditioning', 'Pet-friendly', 'Full-service laundry', 'Child-friendly']",0,Jakarta
OYO 1487 Residence Khoe,2-star hotel,4.3,(242),"['Free Wi-Fi', 'Air conditioning']","IDR 144,575",Jakarta
RedDoorz @ Kebon Kacang,2-star hotel,3.9,(124),"['Wi-Fi', 'Air conditioning', 'Child-friendly']","IDR 153,188",Jakarta
OYO 3747 Comfort Residence,2-star hotel,4.1,(71),"['Free Wi-Fi', 'Free parking', 'Air conditioning']","IDR 147,145",Jakarta
RedDoorz Tanah Abang,2-star hotel,3.9,(25),"['Free Wi-Fi', 'Free parking', 'Air conditioning', 'Child-friendly']","IDR 107,259",Jakarta
RedDoorz Plus @ Karet Setiabudi,2-star hotel,4.1,(293),"['Free Wi-Fi', 'Child-friendly']",0,Jakarta
OYO 169 Kuningan 21,2-star hotel,4,(227),"['Free Wi-Fi', 'Air conditioning', 'Child-friendly']",0,Jakarta
OYO 150 Harmoni Residence,2-star hotel,3.5,(66),"['Free Wi-Fi', 'Air conditioning', 'Child-friendly']",0,Jakarta
Airy Eco Setiabudi Tengah 3 Jakarta,2-star hotel,3.8,(178),"['Free Wi-Fi', 'Parking', 'Air conditioning', 'Breakfast', 'Smoke-free property']",0,Jakarta
OYO 1990 Kost Kuningan Executive Boading House Setiabudi,2-star hotel,4.1,(117),"['Free Wi-Fi', 'Free parking', 'Air conditioning']",0,Jakarta
kost KWITANG 149,2-star hotel,3.9,(146),['Free Wi-Fi'],0,Jakarta
Airy Eco,2-star hotel,4.1,(203),"['Free Wi-Fi', 'Air conditioning', 'Parking', 'Smoke-free property']",0,Jakarta
Harlys Residence,2-star hotel,4.1,"(1,460)","['Breakfast', 'Free Wi-Fi', 'Free parking', 'Air conditioning', 'Restaurant', 'Room service', 'Full-service laundry', 'Child-friendly']",0,Jakarta
RedDoorz Premium @ Cilandak Timur 2,2-star hotel,4.5,(243),"['Free Wi-Fi', 'Outdoor pool']","IDR 184,569",Jakarta
OYO 3194 Margonda Executive,2-star hotel,3.6,(179),"['Free Wi-Fi', 'Free parking', 'Pool', 'Air conditioning']","IDR 104,745",Jakarta
Daun Residence,2-star hotel,4.5,(205),"['Free Wi-Fi', 'Parking', 'Airport shuttle', 'Full-service laundry', 'Child-friendly']","IDR 337,575",Jakarta
Smart Hotel Thamrin Jakarta,2-star hotel,3.3,"(1,045)","['Breakfast', 'Free Wi-Fi', 'Air conditioning', 'Restaurant', 'Room service', 'Full-service laundry']","IDR 208,496",Jakarta
Gayatri Residence,2-star hotel,4.3,(44),"['Free Wi-Fi', 'Pool']","IDR 124,284",Jakarta
AMS Penthouse Hotel,2-star hotel,4,(485),"['Free Wi-Fi', 'Air conditioning', 'Full-service laundry']","IDR 107,638",Jakarta
The Packer Lodge,2-star hotel,4.5,(455),"['Breakfast', 'Free Wi-Fi', 'Air conditioning', 'Restaurant', 'Airport shuttle', 'Full-service laundry']","IDR 196,029",Jakarta
Bold Hotel,2-star hotel,4.5,(828),"['Free Wi-Fi', 'Air conditioning', 'Full-service laundry', 'Child-friendly']","IDR 171,493",Jakarta
Bobobox Pancoran,2-star hotel,4.6,(712),"['Free Wi-Fi', 'Air conditioning']","IDR 207,028",Jakarta
Hotel Istana Bungur,2-star hotel,3.7,(431),"['Breakfast', 'Free Wi-Fi', 'Free parking', 'Air conditioning', 'Restaurant', 'Full-service laundry']","IDR 127,322",Jakarta
Bangka Suite,2-star hotel,4.6,(260),"['Free Wi-Fi', 'Free parking', 'Outdoor pool', 'Air conditioning', 'Child-friendly']","IDR 238,191",Jakarta
Urbanview Hotel Minongga Pondok Labu,2-star hotel,4.1,(462),['Free Wi-Fi'],"IDR 167,438",Jakarta
Nite & Day Hotel Mangga Besar,2-star hotel,4.1,(625),"['Free Wi-Fi', 'Air conditioning', 'Breakfast', 'Full-service laundry', 'Accessible', 'Child-friendly', 'Smoke-free property']","IDR 270,000",Jakarta
MK HOUSE TENDEAN,2-star hotel,4.4,(548),"['Free Wi-Fi', 'Air conditioning', 'Full-service laundry', 'Child-friendly']","IDR 113,133",Jakarta
Urbanview Hotel Mroom PH,2-star hotel,3.9,(622),"['Free breakfast', 'Free Wi-Fi', 'Air conditioning', 'Restaurant', 'Room service', 'Full-service laundry', 'Child-friendly']","IDR 166,725",Jakarta
MUTIARA SUITES | Jakarta,2-star hotel,4.3,(366),"['Free Wi-Fi', 'Free parking', 'Outdoor pool', 'Air conditioning', 'Restaurant', 'Room service', 'Full-service laundry', 'Child-friendly']","IDR 277,633",Jakarta
Amaris Hotel Panglima Polim,2-star hotel,4.2,(901),"['Free breakfast', 'Free Wi-Fi', 'Free parking', 'Air conditioning', 'Restaurant', 'Room service', 'Full-service laundry', 'Child-friendly']","IDR 247,455",Jakarta
Capsule Hotel New Batavia,2-star hotel,4.5,(490),"['Free breakfast', 'Free Wi-Fi', 'Parking ($)', 'Air conditioning', 'Bar', 'Restaurant', 'Kitchen in some rooms', 'Full-service laundry']","IDR 208,248",Jakarta
Augusta Hotel,2-star hotel,3.8,(521),"['Free breakfast', 'Free Wi-Fi', 'Restaurant', 'Room service', 'Full-service laundry', 'Child-friendly']","IDR 214,813",Jakarta
City Style Residence,2-star hotel,4.1,(211),['Free Wi-Fi'],"IDR 113,466",Jakarta
Oekude Residence,2-star hotel,4.2,(336),"['Free Wi-Fi', 'Air conditioning', 'Breakfast', 'Full-service laundry', 'Child-friendly', 'Smoke-free property']","IDR 95,771",Jakarta
Lagura Residence Guest House,2-star hotel,4.1,(447),['Free Wi-Fi'],"IDR 161,924",Jakarta
ZEN Rooms De 80's Ekonomi,2-star hotel,4,(207),"['Free Wi-Fi', 'Free parking', 'Air conditioning']","IDR 102,586",Jakarta
Bangka Bed and Breakfast,2-star hotel,4.3,(48),"['Free Wi-Fi', 'Air conditioning', 'Child-friendly']","IDR 174,031",Jakarta
OYO 115 Portal Residence,2-star hotel,3.9,(55),['Free Wi-Fi'],"IDR 140,885",Jakarta
OYO 141 Fatmawati Cozy Residence,2-star hotel,3.9,(194),"['Free Wi-Fi', 'Air conditioning', 'Child-friendly']","IDR 178,852",Jakarta
RedDoorz near Central Park Mall,2-star hotel,4.4,(191),['Free Wi-Fi'],"IDR 103,970",Jakarta
The Plaza Hotel Glodok,2-star hotel,4.1,(532),"['Free Wi-Fi', 'Air conditioning', 'Restaurant', 'Room service', 'Full-service laundry']","IDR 188,979",Jakarta
UniK Guest House,2-star hotel,4.3,(24),"['Free Wi-Fi', 'Free parking', 'Air conditioning']","IDR 160,000",Jakarta
N3 Hotel Zainul Arifin,2-star hotel,3.9,(380),"['Free breakfast', 'Free Wi-Fi', 'Free parking', 'Air conditioning', 'Room service', 'Full-service laundry', 'Child-friendly']","IDR 152,456",Jakarta
Residence 100,2-star hotel,3.8,(345),"['Free Wi-Fi', 'Air conditioning', 'Restaurant', 'Child-friendly']","IDR 170,375",Jakarta
Icorner Residence,2-star hotel,4.2,(344),"['Free Wi-Fi', 'Air conditioning']","IDR 191,474",Jakarta
OYO 1805 Fatmawati Mansion Syariah,2-star hotel,4.1,(113),"['Free Wi-Fi', 'Full-service laundry']","IDR 109,724",Jakarta
Central Front One Inn Jakarta Airport,2-star hotel,4.3,(348),"['Free breakfast', 'Free Wi-Fi', 'Free parking', 'Air conditioning', 'Restaurant', 'Room service', 'Airport shuttle', 'Full-service laundry']","IDR 252,756",Jakarta
Hotel Lautze Indah,2-star hotel,3.7,(658),"['Free breakfast', 'Free Wi-Fi', 'Free parking', 'Air conditioning', 'Restaurant', 'Room service', 'Full-service laundry']","IDR 215,024",Jakarta
Villa Srimanganti,2-star hotel,4.3,(959),"['Free Wi-Fi', 'Free parking', 'Outdoor pool', 'Air conditioning', 'Breakfast', 'Child-friendly']","IDR 155,530",Jakarta
Focus Hotel,2-star hotel,4.1,(433),"['Free Wi-Fi', 'Air conditioning']","IDR 305,415",Jakarta
U Stay Hotel Gunung Sahari Jakarta,2-star hotel,3.7,(616),"['Breakfast', 'Free Wi-Fi', 'Air conditioning', 'Full-service laundry', 'Child-friendly']","IDR 137,210",Jakarta
Wonderloft Hostel,2-star hotel,4.5,(774),"['Breakfast ($)', 'Free Wi-Fi', 'Air conditioning', 'Parking', 'Airport shuttle', 'Full-service laundry']","IDR 155,875",Jakarta
Magnolia Hotel,2-star hotel,3.9,(295),"['Free Wi-Fi', 'Air conditioning']","IDR 327,509",Jakarta
Uptown residence Pondok Pinang Jakarta Selatan,2-star hotel,3.7,(158),"['Free Wi-Fi', 'Free parking']","IDR 99,211",Jakarta
Hotel 678 Kemang,2-star hotel,4.1,(298),"['Free breakfast', 'Free Wi-Fi', 'Free parking', 'Hot tub', 'Air conditioning', 'Restaurant', 'Room service', 'Full-service laundry']","IDR 350,001",Jakarta
OYO 1805 Fatmawati Mansion Syariah,2-star hotel,4.1,(113),"['Free Wi-Fi', 'Full-service laundry']","IDR 109,724",Jakarta
OYO 2348 Ende Elok,2-star hotel,3.8,(332),"['Breakfast', 'Free Wi-Fi', 'Air conditioning', 'Full-service laundry', 'Child-friendly']","IDR 201,287",Jakarta
Cilandak Mansion Hotel,2-star hotel,4.6,(18),"['Free Wi-Fi', 'Free parking', 'Pool']","IDR 217,539",Jakarta
RedDoorz near Mangga Dua Square,2-star hotel,3.4,(64),"['Free Wi-Fi', 'Free parking']","IDR 94,171",Jakarta
Hotel Cempaka Sari,2-star hotel,3.9,(595),"['Free breakfast', 'Wi-Fi', 'Free parking', 'Air conditioning', 'Restaurant', 'Room service', 'Full-service laundry', 'Child-friendly']","IDR 149,999",Jakarta
Twins Manggadua,2-star hotel,4.1,(323),"['Free breakfast', 'Free Wi-Fi', 'Air conditioning', 'Restaurant', 'Room service', 'Airport shuttle', 'Full-service laundry', 'Child-friendly']","IDR 257,807",Jakarta
LeGreen Suite Poso,2-star hotel,4,(359),"['Breakfast', 'Free Wi-Fi', 'Air conditioning', 'Full-service laundry', 'Child-friendly']","IDR 272,317",Jakarta
Puri Saras Bintaro Syariah,2-star hotel,4,(350),"['Wi-Fi', 'Air conditioning', 'Full-service laundry']","IDR 121,125",Jakarta
de 80's genteng ijo,2-star hotel,4.3,(277),"['Free Wi-Fi', 'Air conditioning', 'Bar', 'Restaurant', 'Room service', 'Full-service laundry']","IDR 168,284",Jakarta
VK Pods Jakarta @PIK,2-star hotel,4.4,(111),"['Free Wi-Fi', 'Air conditioning']","IDR 157,420",Jakarta
Green Apple Residence RedPartner,2-star hotel,4.1,(164),"['Breakfast', 'Free Wi-Fi', 'Free parking', 'Air conditioning', 'Full-service laundry', 'Child-friendly']","IDR 135,555",Jakarta
Hotel Mustika Senen,2-star hotel,3.9,(463),"['Free breakfast', 'Free Wi-Fi', 'Air conditioning', 'Restaurant', 'Room service', 'Full-service laundry', 'Child-friendly']","IDR 239,002",Jakarta
N1 Hotel Tanah Abang,2-star hotel,3.8,(873),"['Free breakfast', 'Free Wi-Fi', 'Free parking', 'Air conditioning', 'Restaurant', 'Room service', 'Full-service laundry', 'Child-friendly']","IDR 145,350",Jakarta
LeGreen Suite Penjernihan,2-star hotel,4.2,(453),"['Breakfast', 'Free Wi-Fi', 'Free parking', 'Air conditioning', 'Full-service laundry', 'Child-friendly']","IDR 276,420",Jakarta
RedDoorz @ Pangeran Antasari 2,2-star hotel,3.8,(342),"['Wi-Fi', 'Full-service laundry']","IDR 105,397",Jakarta
Mendjangan Kuningan Residence,2-star hotel,4.3,(85),"['Free Wi-Fi', 'Parking']","IDR 317,189",Jakarta
Plaza 68,2-star hotel,4.3,(420),"['Free Wi-Fi', 'Free parking', 'Full-service laundry']","IDR 214,319",Jakarta
Hotel California jakarta,2-star hotel,3.9,(554),"['Free breakfast', 'Free Wi-Fi', 'Air conditioning', 'Restaurant', 'Room service', 'Full-service laundry']",0,Jakarta
G7 Hotel New Market,2-star hotel,4.3,(546),"['Free breakfast', 'Free Wi-Fi', 'Free parking', 'Air conditioning', 'Restaurant', 'Room service', 'Full-service laundry', 'Child-friendly']","IDR 263,909",Jakarta
K-Style Eco Hotel Jakarta,2-star hotel,4,(214),"['Free Wi-Fi', 'Parking', 'Air conditioning']","IDR 131,281",Jakarta
OYO 297 45 Residence,2-star hotel,4.1,(337),"['Free Wi-Fi', 'Free parking', 'Air conditioning', 'Child-friendly']","IDR 94,970",Jakarta
SPOT ON 3155 Penginapan Banyu Biru Syariah,2-star hotel,3.6,(220),"['Free Wi-Fi', 'Air conditioning']","IDR 64,356",Jakarta
City Biz Residence,2-star hotel,3.9,(209),"['Free Wi-Fi', 'Free parking', 'Air conditioning']","IDR 131,634",Jakarta
MK House SCBD,2-star hotel,4.3,(514),"['Free Wi-Fi', 'Free parking', 'Air conditioning', 'Full-service laundry', 'Child-friendly']","IDR 195,842",Jakarta
New Priok Indah Syariah Hotel,2-star hotel,4.3,(235),"['Free breakfast', 'Free Wi-Fi', 'Free parking', 'Air conditioning']","IDR 137,157",Jakarta
Kanto's Guest House,2-star hotel,4.3,(296),"['Free Wi-Fi', 'Free parking', 'Air conditioning', 'Full-service laundry', 'Child-friendly', 'Smoke-free property']","IDR 159,310",Jakarta
Tujutiga Suites,2-star hotel,4.5,(91),"['Free Wi-Fi', 'Air conditioning', 'Kitchen in some rooms', 'Child-friendly']","IDR 375,000",Jakarta
Rumah Shinta Jakarta,2-star hotel,4.1,(475),"['Free breakfast', 'Free Wi-Fi', 'Free parking', 'Air conditioning', 'Restaurant', 'Room service', 'Airport shuttle', 'Full-service laundry']","IDR 270,727",Jakarta
favehotel Melawai,3-star hotel,4.2,"(2,482)","['Breakfast', 'Free Wi-Fi', 'Free parking', 'Air conditioning', 'Restaurant', 'Room service', 'Airport shuttle', 'Full-service laundry']","IDR 315,801",Jakarta
Sans Hotel Fiducia Kaji,3-star hotel,3.9,(432),"['Breakfast', 'Free Wi-Fi', 'Free parking', 'Air conditioning', 'Restaurant', 'Room service', 'Full-service laundry']","IDR 172,125",Jakarta
B Shaw Hotel,3-star hotel,4,(414),"['Free Wi-Fi', 'Air conditioning']","IDR 169,290",Jakarta
D HOTEL,3-star hotel,4.2,"(2,248)","['Breakfast', 'Free Wi-Fi', 'Free parking', 'Air conditioning', 'Restaurant', 'Room service', 'Airport shuttle', 'Full-service laundry']","IDR 242,550",Jakarta
All Seasons Jakarta Thamrin,3-star hotel,4.4,"(4,111)","['Breakfast', 'Free Wi-Fi', 'Free parking', 'Air conditioning', 'Fitness centre', 'Spa', 'Bar', 'Restaurant']","IDR 626,944",Jakarta
1O1 URBAN Jakarta Thamrin,3-star hotel,4.3,"(4,260)","['Breakfast', 'Free Wi-Fi', 'Free parking', 'Outdoor pool', 'Air conditioning', 'Bar', 'Restaurant', 'Room service']","IDR 502,667",Jakarta
Asyana Kemayoran Jakarta,3-star hotel,4.3,"(2,672)","['Breakfast', 'Free Wi-Fi', 'Free parking', 'Outdoor pool', 'Air conditioning', 'Restaurant', 'Room service', 'Full-service laundry']","IDR 246,409",Jakarta
Swiss-Belinn Simatupang,3-star hotel,4.4,"(3,639)","['Free breakfast', 'Free Wi-Fi', 'Free parking', 'Outdoor pool', 'Air conditioning', 'Fitness centre', 'Spa', 'Restaurant']","IDR 526,840",Jakarta
ARTOTEL Thamrin - Jakarta,3-star hotel,4.4,"(3,832)","['Free breakfast', 'Free Wi-Fi', 'Free parking', 'Air conditioning', 'Spa', 'Bar', 'Restaurant', 'Room service']","IDR 541,562",Jakarta
ibis Jakarta Arcadia,3-star hotel,4.2,"(1,613)","['Breakfast', 'Free Wi-Fi', 'Free parking', 'Air conditioning', 'Spa', 'Restaurant', 'Room service', 'Airport shuttle']","IDR 400,048",Jakarta
Classic Hotel,3-star hotel,4.3,"(4,978)","['Breakfast', 'Free Wi-Fi', 'Free parking', 'Pool', 'Hot tub', 'Air conditioning', 'Spa', 'Bar']","IDR 298,880",Jakarta
OYO Townhouse 1 Hotel Salemba,3-star hotel,4,(879),"['Free breakfast', 'Free Wi-Fi', 'Free parking', 'Air conditioning', 'Room service', 'Full-service laundry', 'Child-friendly']","IDR 176,065",Jakarta
Heef Hotel,3-star hotel,4.3,"(1,414)","['Free breakfast', 'Free Wi-Fi', 'Free parking', 'Air conditioning', 'Restaurant', 'Room service', 'Airport shuttle', 'Full-service laundry']","IDR 316,306",Jakarta
The Gloria Suites Jakarta,3-star hotel,3.4,(171),"['Free breakfast', 'Free Wi-Fi', 'Free parking', 'Indoor pool', 'Air conditioning', 'Restaurant', 'Room service', 'Full-service laundry']","IDR 238,743",Jakarta
Topaz Residence,3-star hotel,4.3,(788),"['Free breakfast', 'Free Wi-Fi', 'Free parking', 'Air conditioning', 'Restaurant', 'Room service', 'Full-service laundry', 'Child-friendly']","IDR 214,258",Jakarta
Swiss-Belinn Wahid Hasyim,3-star hotel,4.5,(535),"['Free breakfast', 'Free Wi-Fi', 'Free parking', 'Air conditioning', 'Bar', 'Restaurant', 'Room service', 'Full-service laundry']","IDR 497,985",Jakarta
Triniti Hotel Jakarta,3-star hotel,4.2,"(1,178)","['Free breakfast', 'Free Wi-Fi', 'Free parking', 'Air conditioning', 'Spa', 'Restaurant', 'Room service', 'Full-service laundry']","IDR 311,672",Jakarta
ibis Jakarta Senen,3-star hotel,4.3,"(2,673)","['Breakfast', 'Free Wi-Fi', 'Free parking', 'Air conditioning', 'Restaurant', 'Room service', 'Full-service laundry', 'Accessible']","IDR 334,555",Jakarta
Hotel Rivoli Jakarta,3-star hotel,4.2,"(2,394)","['Free breakfast', 'Free Wi-Fi', 'Free parking', 'Air conditioning', 'Fitness centre', 'Spa', 'Bar', 'Restaurant']","IDR 269,352",Jakarta
favehotel Melawai,3-star hotel,4.2,"(2,481)","['Breakfast', 'Free Wi-Fi', 'Free parking', 'Air conditioning', 'Restaurant', 'Room service', 'Airport shuttle', 'Full-service laundry']","IDR 315,801",Jakarta
Oak Tree Hotel Jakarta,3-star hotel,4,"(1,053)","['Free Wi-Fi', 'Free parking', 'Air conditioning', 'Restaurant', 'Room service', 'Full-service laundry', 'Child-friendly']","IDR 263,337",Jakarta
ibis Styles Jakarta Simatupang,3-star hotel,4.6,"(1,382)","['Free breakfast', 'Free Wi-Fi', 'Free parking', 'Air conditioning', 'Fitness centre', 'Bar', 'Restaurant', 'Room service']","IDR 593,107",Jakarta
Zuri Express Mangga Dua,3-star hotel,4.6,"(3,562)","['Breakfast', 'Free Wi-Fi', 'Free parking', 'Air conditioning', 'Spa', 'Restaurant', 'Room service', 'Full-service laundry']","IDR 251,407",Jakarta
Sentral Cawang Hotel Jakarta,3-star hotel,4.4,"(5,086)","['Free breakfast', 'Free Wi-Fi', 'Free parking', 'Outdoor pool', 'Air conditioning', 'Spa', 'Bar', 'Restaurant']","IDR 292,709",Jakarta
Dequr,3-star hotel,3.9,(460),"['Breakfast', 'Free Wi-Fi', 'Free parking', 'Air conditioning', 'Restaurant', 'Room service', 'Full-service laundry', 'Child-friendly']","IDR 123,489",Jakarta
favehotel Pasar Baru,3-star hotel,4.3,"(1,901)","['Breakfast', 'Free Wi-Fi', 'Free parking', 'Air conditioning', 'Restaurant', 'Room service', 'Airport shuttle', 'Full-service laundry']","IDR 292,810",Jakarta
Maple Hotel Grogol,3-star hotel,4.2,"(1,690)","['Breakfast', 'Free Wi-Fi', 'Free parking', 'Air conditioning', 'Bar', 'Restaurant', 'Room service', 'Airport shuttle']","IDR 229,903",Jakarta
Tamarin Hotel Jakarta,3-star hotel,4.3,"(2,773)","['Breakfast', 'Free Wi-Fi', 'Free parking', 'Outdoor pool', 'Air conditioning', 'Fitness centre', 'Spa', 'Restaurant']","IDR 314,579",Jakarta
Park5 Simatupang,3-star hotel,4.5,"(3,326)","['Breakfast', 'Free Wi-Fi', 'Free parking', 'Outdoor pool', 'Air conditioning', 'Fitness centre', 'Spa', 'Bar']","IDR 470,488",Jakarta
ibis Styles Jakarta Sunter,3-star hotel,4.4,"(3,378)","['Breakfast', 'Free Wi-Fi', 'Free parking', 'Outdoor pool', 'Air conditioning', 'Fitness centre', 'Spa', 'Bar']","IDR 420,933",Jakarta
Hotel NEO+ Kebayoran,3-star hotel,4.4,"(2,521)","['Free breakfast', 'Free Wi-Fi', 'Parking', 'Outdoor pool', 'Air conditioning', 'Spa', 'Restaurant', 'Room service']","IDR 348,212",Jakarta
Hotel Santika Taman Mini Indonesia Indah,3-star hotel,4.3,"(3,758)","['Breakfast', 'Free Wi-Fi', 'Free parking', 'Outdoor pool', 'Air conditioning', 'Fitness centre', 'Spa', 'Restaurant']","IDR 608,004",Jakarta
Red Planet Jakarta Pasar Baru,3-star hotel,4.3,"(3,037)","['Breakfast ($)', 'Free Wi-Fi', 'Free parking', 'Air conditioning', 'Restaurant', 'Accessible', 'Child-friendly', 'Smoke-free property']","IDR 248,752",Jakarta
POP! Hotel Kelapa Gading Jakarta,3-star hotel,4.2,"(1,880)","['Breakfast', 'Free Wi-Fi', 'Air conditioning', 'Restaurant', 'Room service', 'Full-service laundry', 'Accessible', 'Child-friendly']","IDR 324,719",Jakarta
Titanium Express HomTel,3-star hotel,4.2,(685),"['Free breakfast', 'Free Wi-Fi', 'Free parking', 'Outdoor pool', 'Air conditioning', 'Restaurant', 'Accessible', 'Business centre']","IDR 253,816",Jakarta
Kaisar Hotel Jakarta,3-star hotel,4.1,"(3,670)","['Free breakfast', 'Free Wi-Fi', 'Free parking', 'Hot tub', 'Air conditioning', 'Spa', 'Bar', 'Restaurant']","IDR 328,690",Jakarta
MAXWELL Hotel Jakarta,3-star hotel,4.2,"(1,223)","['Free breakfast', 'Free Wi-Fi', 'Free parking', 'Air conditioning', 'Fitness centre', 'Spa', 'Restaurant', 'Room service']","IDR 302,479",Jakarta
favehotel PGC Cililitan,3-star hotel,4.3,"(10,550)","['Breakfast', 'Free Wi-Fi', 'Free parking', 'Air conditioning', 'Spa', 'Restaurant', 'Room service', 'Full-service laundry']","IDR 294,025",Jakarta
Kaisar Hotel Jakarta,3-star hotel,4.1,"(3,670)","['Free breakfast', 'Free Wi-Fi', 'Free parking', 'Hot tub', 'Air conditioning', 'Spa', 'Bar', 'Restaurant']","IDR 328,690",Jakarta
MAXWELL Hotel Jakarta,3-star hotel,4.2,"(1,223)","['Free breakfast', 'Free Wi-Fi', 'Free parking', 'Air conditioning', 'Fitness centre', 'Spa', 'Restaurant', 'Room service']","IDR 302,479",Jakarta
favehotel PGC Cililitan,3-star hotel,4.3,"(10,550)","['Breakfast', 'Free Wi-Fi', 'Free parking', 'Air conditioning', 'Spa', 'Restaurant', 'Room service', 'Full-service laundry']","IDR 294,025",Jakarta
Ozone Hotel,3-star hotel,4.2,"(1,508)","['Free Wi-Fi', 'Free parking', 'Air conditioning', 'Breakfast', 'Restaurant', 'Room service', 'Airport shuttle', 'Full-service laundry']","IDR 618,807",Jakarta
Blue Sky Hotel Petamburan,3-star hotel,4.2,"(1,869)","['Free breakfast', 'Free Wi-Fi', 'Free parking', 'Pool', 'Air conditioning', 'Fitness centre', 'Spa', 'Restaurant']","IDR 409,371",Jakarta
Verse Luxe Hotel Wahid Hasyim,3-star hotel,4.2,"(2,101)","['Free breakfast', 'Free Wi-Fi', 'Free parking', 'Air conditioning', 'Restaurant', 'Room service', 'Full-service laundry', 'Child-friendly']","IDR 371,004",Jakarta
Arosa Hotel Jakarta.,3-star hotel,4.5,"(1,974)","['Free breakfast', 'Free Wi-Fi', 'Free parking', 'Air conditioning', 'Restaurant', 'Room service', 'Airport shuttle', 'Full-service laundry']","IDR 452,295",Jakarta
favehotel LTC Glodok,3-star hotel,4.2,"(2,252)","['Free breakfast', 'Free Wi-Fi', 'Free parking', 'Air conditioning', 'Spa', 'Restaurant', 'Room service', 'Airport shuttle']","IDR 247,000",Jakarta
Luminor,3-star hotel,4.4,"(3,899)","['Breakfast', 'Free Wi-Fi', 'Free parking', 'Air conditioning', 'Spa', 'Restaurant', 'Room service', 'Kitchen in rooms']","IDR 450,103",Jakarta
YELLO Hotel Harmoni Jakarta,3-star hotel,4.5,"(5,491)","['Breakfast', 'Free Wi-Fi', 'Free parking', 'Air conditioning', 'Fitness centre', 'Bar', 'Restaurant', 'Room service']","IDR 437,403",Jakarta
Juno Tanah Abang Jakarta,3-star hotel,4.4,"(2,544)","['Free breakfast', 'Free Wi-Fi', 'Free parking', 'Air conditioning', 'Restaurant', 'Room service', 'Airport shuttle', 'Full-service laundry']","IDR 392,414",Jakarta
Amaris Hotel La Codefin Kemang,3-star hotel,4.2,"(1,949)","['Free breakfast', 'Free Wi-Fi', 'Parking', 'Air conditioning', 'Restaurant', 'Room service', 'Full-service laundry', 'Accessible']","IDR 289,788",Jakarta
favehotel Puri Indah,3-star hotel,4.4,"(3,660)","['Free breakfast', 'Free Wi-Fi', 'Free parking', 'Air conditioning', 'Spa', 'Restaurant', 'Room service', 'Airport shuttle']","IDR 360,019",Jakarta
Swiss-Belinn Airport Jakarta,3-star hotel,4.3,"(3,024)","['Breakfast', 'Free Wi-Fi', 'Free parking', 'Air conditioning', 'Fitness centre', 'Spa', 'Restaurant', 'Room service']","IDR 460,275",Jakarta
Grand Picasso Hotel,3-star hotel,4.4,(936),"['Breakfast ($)', 'Free Wi-Fi', 'Free parking', 'Air conditioning', 'Spa', 'Bar', 'Restaurant', 'Room service']","IDR 351,057",Jakarta
City Icon Residence,3-star hotel,4,(660),"['Breakfast', 'Free Wi-Fi', 'Free parking', 'Air conditioning', 'Restaurant', 'Full-service laundry']","IDR 128,096",Jakarta
U Stay Hotel Mangga Besar,3-star hotel,4,"(1,933)","['Breakfast ($)', 'Free Wi-Fi', 'Air conditioning', 'Restaurant', 'Room service', 'Full-service laundry']","IDR 218,402",Jakarta
GrandG7 Hotel,3-star hotel,4.4,"(1,372)","['Free breakfast', 'Free Wi-Fi', 'Free parking', 'Pool', 'Air conditioning', 'Spa', 'Restaurant', 'Room service']","IDR 366,524",Jakarta
OYO Townhouse 2 Hotel Gunung Sahari,3-star hotel,4.2,(755),"['Free breakfast', 'Free Wi-Fi', 'Free parking', 'Outdoor pool', 'Air conditioning', 'Restaurant', 'Room service', 'Child-friendly']","IDR 188,280",Jakarta
1O1 URBAN Jakarta Kelapa Gading (The BnB),3-star hotel,4.3,"(3,264)","['Breakfast', 'Free Wi-Fi', 'Free parking', 'Air conditioning', 'Restaurant', 'Room service', 'Airport shuttle', 'Full-service laundry']","IDR 300,016",Jakarta
Ana Hotel,3-star hotel,4.3,"(1,142)","['Free breakfast', 'Free Wi-Fi', 'Free parking', 'Air conditioning', 'Restaurant', 'Room service', 'Airport shuttle', 'Full-service laundry']","IDR 408,062",Jakarta
Maven Fatmawati Hotel jakarta,3-star hotel,4,(836),"['Free breakfast', 'Free Wi-Fi', 'Free parking', 'Air conditioning', 'Restaurant', 'Room service', 'Full-service laundry', 'Child-friendly']","IDR 196,301",Jakarta
"La Boheme, Rooms and Coffee",3-star hotel,4.5,(864),"['Free Wi-Fi', 'Free parking', 'Air conditioning', 'Restaurant', 'Room service', 'Full-service laundry']","IDR 425,678",Jakarta
Swiss-Belinn Kemayoran,3-star hotel,4.4,"(4,650)","['Free breakfast', 'Free Wi-Fi', 'Free parking', 'Outdoor pool', 'Air conditioning', 'Fitness centre', 'Spa', 'Restaurant']","IDR 476,000",Jakarta
F Hotel,3-star hotel,4.4,(542),"['Free Wi-Fi', 'Air conditioning', 'Restaurant', 'Room service', 'Full-service laundry', 'Child-friendly']","IDR 354,200",Jakarta
Oria Hotel,3-star hotel,4.3,"(2,024)","['Breakfast', 'Free Wi-Fi', 'Free parking', 'Air conditioning', 'Restaurant', 'Room service', 'Full-service laundry', 'Accessible']","IDR 447,432",Jakarta
Hotel Monopoli,3-star hotel,4.3,"(1,476)","['Breakfast', 'Free Wi-Fi', 'Parking', 'Outdoor pool', 'Air conditioning', 'Fitness centre', 'Bar', 'Restaurant']","IDR 504,298",Jakarta
POP! Hotel Pasar Baru Jakarta,3-star hotel,4.4,"(2,171)","['Breakfast', 'Free Wi-Fi', 'Free parking', 'Air conditioning', 'Restaurant', 'Room service', 'Full-service laundry', 'Accessible']","IDR 303,749",Jakarta
Jambuluwuk Thamrin Hotel,3-star hotel,4.5,(567),"['Free breakfast', 'Free Wi-Fi', 'Free parking', 'Outdoor pool', 'Air conditioning', 'Fitness centre', 'Restaurant', 'Room service']","IDR 551,698",Jakarta
"Holiday Inn Express Jakarta Matraman, an IHG Hotel",3-star hotel,4.6,"(1,576)","['Free breakfast', 'Free Wi-Fi', 'Free parking', 'Air conditioning', 'Fitness centre', 'Restaurant', 'Accessible', 'Child-friendly']","IDR 501,542",Jakarta
Park Hotel Jakarta,3-star hotel,4.3,"(3,797)","['Breakfast', 'Free Wi-Fi', 'Free parking', 'Outdoor pool', 'Air conditioning', 'Fitness centre', 'Spa', 'Bar']","IDR 351,720",Jakarta
Horison Falatehan Jakarta,3-star hotel,4.1,"(1,807)","['Breakfast', 'Free Wi-Fi', 'Parking', 'Air conditioning', 'Restaurant', 'Room service', 'Full-service laundry', 'Child-friendly']","IDR 270,325",Jakarta
Liberty Hotel Thamrin Jakarta,3-star hotel,4.4,(851),"['Free breakfast', 'Free Wi-Fi', 'Free parking', 'Air conditioning', 'Restaurant', 'Room service', 'Full-service laundry', 'Accessible']","IDR 408,795",Jakarta
Cabin Hotel,3-star hotel,4.3,"(1,993)","['Free breakfast', 'Free Wi-Fi', 'Free parking', 'Air conditioning', 'Restaurant', 'Room service', 'Full-service laundry', 'Accessible']","IDR 364,419",Jakarta
Orchardz Hotel,3-star hotel,4.4,"(4,240)","['Free breakfast', 'Free Wi-Fi', 'Free parking', 'Hot tub', 'Air conditioning', 'Spa', 'Restaurant', 'Room service']","IDR 399,804",Jakarta
LUMINOR HOTEL KOTA,3-star hotel,4.5,"(1,775)","['Free breakfast', 'Free Wi-Fi', 'Free parking', 'Air conditioning', 'Restaurant', 'Room service', 'Full-service laundry', 'Accessible']","IDR 525,000",Jakarta
"Sparks Life, ARTOTEL Curated - Jakarta",3-star hotel,4.2,"(1,291)","['Breakfast', 'Free Wi-Fi', 'Parking', 'Outdoor pool', 'Hot tub', 'Air conditioning', 'Spa', 'Restaurant']","IDR 222,232",Jakarta
"Holiday Inn Express Jakarta Wahid Hasyim, an IHG Hotel",3-star hotel,4.4,"(2,571)","['Free breakfast', 'Free Wi-Fi', 'Free parking', 'Air conditioning', 'Fitness centre', 'Bar', 'Restaurant', 'Room service']","IDR 542,557",Jakarta
Hotel 88 Mangga Besar 62,3-star hotel,4.2,"(1,779)","['Breakfast', 'Free Wi-Fi', 'Free parking', 'Air conditioning', 'Restaurant', 'Room service', 'Airport shuttle', 'Full-service laundry']","IDR 289,188",Jakarta
Lynt,3-star hotel,4.2,(888),"['Free breakfast', 'Free Wi-Fi', 'Free parking', 'Air conditioning', 'Restaurant', 'Room service', 'Airport shuttle', 'Full-service laundry']","IDR 229,165",Jakarta
favehotel Zainul Arifin,3-star hotel,4.3,"(1,718)","['Breakfast', 'Free Wi-Fi', 'Free parking', 'Air conditioning', 'Restaurant', 'Room service', 'Full-service laundry', 'Accessible']","IDR 321,574",Jakarta
Hotel Alia Cikini,3-star hotel,4.4,(104),"['Breakfast ($)', 'Free Wi-Fi', 'Free parking', 'Indoor pool', 'Air conditioning', 'Pet-friendly', 'Restaurant', 'Room service']","IDR 450,000",Jakarta
Liberta Hotel Kemang,3-star hotel,4.1,"(2,449)","['Free breakfast', 'Free Wi-Fi', 'Parking', 'Outdoor pool', 'Air conditioning', 'Bar', 'Restaurant', 'Room service']","IDR 305,268",Jakarta
Rasuna Icon Hotel,3-star hotel,4.3,"(1,330)","['Breakfast', 'Free Wi-Fi', 'Free parking', 'Air conditioning', 'Fitness centre', 'Restaurant', 'Room service', 'Kitchen in rooms']","IDR 324,005",Jakarta
Verse Lite Hotel Gajah Mada,3-star hotel,4.1,"(1,187)","['Breakfast', 'Free Wi-Fi', 'Air conditioning', 'Restaurant', 'Room service', 'Full-service laundry', 'Child-friendly']","IDR 223,060",Jakarta
"Treehouse Suites at Kuningan, Jakarta",3-star hotel,4.6,(224),"['Breakfast ($)', 'Free Wi-Fi', 'Free parking', 'Air conditioning', 'Restaurant', 'Room service', 'Kitchen in rooms', 'Full-service laundry']","IDR 652,264",Jakarta
"Holiday Inn Express Jakarta Pluit Citygate, an IHG Hotel",3-star hotel,4.3,"(2,107)","['Free breakfast', 'Free Wi-Fi', 'Free parking', 'Air conditioning', 'Fitness centre', 'Room service', 'Accessible', 'Business centre']","IDR 616,999",Jakarta
Tendean Residences,3-star hotel,4.5,(728),"['Free Wi-Fi', 'Free parking', 'Air conditioning', 'Full-service laundry', 'Child-friendly']","IDR 289,680",Jakarta
Sofyan Hotel Soepomo,3-star hotel,4.3,"(2,821)","['Free breakfast', 'Free Wi-Fi', 'Parking', 'Air conditioning', 'Restaurant', 'Room service', 'Full-service laundry', 'Accessible']","IDR 238,714",Jakarta
Hotel Daily Inn,3-star hotel,4.4,"(1,450)","['Free breakfast', 'Free Wi-Fi', 'Free parking', 'Air conditioning', 'Restaurant', 'Room service', 'Full-service laundry', 'Accessible']","IDR 332,464",Jakarta
Capital O 126 Business Hotel,3-star hotel,3.9,"(1,179)","['Free Wi-Fi', 'Restaurant', 'Room service', 'Airport shuttle', 'Full-service laundry', 'Child-friendly']","IDR 176,790",Jakarta
Hotel Kuretakeso Kemang,3-star hotel,4.5,"(1,245)","['Free breakfast', 'Free Wi-Fi', 'Free parking', 'Pool', 'Hot tub', 'Air conditioning', 'Fitness centre', 'Spa']","IDR 461,191",Jakarta
Arcadia Mangga Dua by Horison,3-star hotel,4.1,"(2,718)","['Free breakfast', 'Free Wi-Fi', 'Free parking', 'Pool', 'Air conditioning', 'Fitness centre', 'Spa', 'Restaurant']","IDR 599,118",Jakarta
Ghurfati Hotel,3-star hotel,4.2,(655),"['Free Wi-Fi', 'Free parking', 'Air conditioning', 'Child-friendly']","IDR 110,880",Jakarta
favehotel Pluit Junction,3-star hotel,4.2,(789),"['Breakfast', 'Free Wi-Fi', 'Free parking', 'Air conditioning', 'Restaurant', 'Room service', 'Airport shuttle', 'Full-service laundry']","IDR 381,534",Jakarta
Dreamtel Hotel Jakarta,3-star hotel,4.1,"(1,718)","['Free breakfast', 'Free Wi-Fi', 'Air conditioning', 'Restaurant', 'Room service', 'Full-service laundry', 'Child-friendly']","IDR 327,655",Jakarta
Sriwijaya Hotel,3-star hotel,4.2,"(1,789)","['Free breakfast', 'Free Wi-Fi', 'Free parking', 'Air conditioning', 'Restaurant', 'Room service', 'Full-service laundry', 'Child-friendly']","IDR 427,061",Jakarta
SOTIS HOTEL FALATEHAN JAKARTA,3-star hotel,4.3,"(1,106)","['Breakfast', 'Free Wi-Fi', 'Free parking', 'Air conditioning', 'Bar', 'Restaurant', 'Room service', 'Airport shuttle']","IDR 475,802",Jakarta
Hotel 88 Grogol,3-star hotel,4.2,"(1,620)","['Breakfast', 'Free Wi-Fi', 'Air conditioning', 'Restaurant', 'Room service', 'Full-service laundry', 'Accessible', 'Child-friendly']","IDR 296,145",Jakarta
RUMANAMI,3-star hotel,4.3,(146),"['Free breakfast', 'Free Wi-Fi', 'Free parking', 'Air conditioning', 'Fitness centre', 'Restaurant', 'Full-service laundry', 'Business centre']","IDR 365,750",Jakarta
Erian Hotel,3-star hotel,4.6,"(1,251)","['Breakfast ($)', 'Free Wi-Fi', 'Free parking', 'Air conditioning', 'Bar', 'Restaurant', 'Room service', 'Airport shuttle']","IDR 432,212",Jakarta
Best Western Mangga Dua Hotel & Residence,3-star hotel,4.3,"(2,584)","['Breakfast', 'Free Wi-Fi', 'Free parking', 'Indoor pool', 'Air conditioning', 'Pet-friendly', 'Fitness centre', 'Spa']",0,Jakarta
Teraskita Hotel Jakarta Managed by Dafam,3-star hotel,4.4,"(6,421)","['Breakfast', 'Free Wi-Fi', 'Free parking', 'Air conditioning', 'Spa', 'Bar', 'Restaurant', 'Room service']","IDR 468,407",Jakarta
Kyriad Metro Kebayoran,3-star hotel,4.4,"(1,389)","['Breakfast', 'Free Wi-Fi', 'Free parking', 'Outdoor pool', 'Air conditioning', 'Restaurant', 'Room service', 'Full-service laundry']","IDR 308,732",Jakarta
Hotel Paragon,3-star hotel,4,"(1,012)","['Breakfast', 'Free Wi-Fi', 'Free parking', 'Air conditioning', 'Restaurant', 'Room service', 'Full-service laundry', 'Child-friendly']","IDR 266,092",Jakarta
J hotel @Bandara Soekarno Hatta,3-star hotel,4.2,"(1,947)","['Breakfast', 'Free Wi-Fi', 'Free parking', 'Air conditioning', 'Restaurant', 'Room service', 'Airport shuttle', 'Full-service laundry']","IDR 296,513",Jakarta
Best Western Senayan,3-star hotel,4.5,"(2,100)","['Free breakfast', 'Free Wi-Fi', 'Free parking', 'Air conditioning', 'Restaurant', 'Room service', 'Full-service laundry', 'Accessible']","IDR 505,152",Jakarta
Mega Anggrek Hotel,3-star hotel,4.1,"(3,670)","['Breakfast', 'Free Wi-Fi', 'Free parking', 'Outdoor pool', 'Hot tub', 'Air conditioning', 'Spa', 'Restaurant']","IDR 289,064",Jakarta
Coins Hotel Indonesia,3-star hotel,4.3,"(1,047)","['Free breakfast', 'Free Wi-Fi', 'Free parking', 'Air conditioning', 'Restaurant', 'Room service', 'Full-service laundry']","IDR 275,177",Jakarta
Hotel Bintang Wisata Mandiri,3-star hotel,4,(683),"['Free breakfast', 'Free Wi-Fi', 'Free parking', 'Air conditioning', 'Restaurant', 'Room service', 'Full-service laundry', 'Child-friendly']","IDR 201,735",Jakarta
Hotel Diradja,3-star hotel,4.2,"(2,433)","['Breakfast', 'Free Wi-Fi', 'Free parking', 'Hot tub', 'Air conditioning', 'Spa', 'Restaurant', 'Room service']","IDR 335,638",Jakarta
Whiz Prime Hotel Kelapa Gading,3-star hotel,4.3,"(3,235)","['Breakfast', 'Free Wi-Fi', 'Parking', 'Outdoor pool', 'Air conditioning', 'Spa', 'Restaurant', 'Room service']","IDR 390,083",Jakarta
Shalva Hotel Jakarta,3-star hotel,4.4,"(1,241)","['Free breakfast', 'Free Wi-Fi', 'Free parking', 'Air conditioning', 'Spa', 'Restaurant', 'Room service', 'Full-service laundry']","IDR 425,251",Jakarta
favehotel Tanah Abang - Cideng,3-star hotel,4.3,"(2,311)","['Breakfast', 'Free Wi-Fi', 'Free parking', 'Air conditioning', 'Restaurant', 'Room service', 'Full-service laundry', 'Accessible']","IDR 274,414",Jakarta
Ayaka Suites,3-star hotel,4.4,"(2,330)","['Free breakfast', 'Free Wi-Fi', 'Free parking', 'Outdoor pool', 'Air conditioning', 'Fitness centre', 'Spa', 'Restaurant']","IDR 411,153",Jakarta
Blessing Residence,3-star hotel,4.1,(296),"['Breakfast', 'Free Wi-Fi', 'Air conditioning', 'Restaurant', 'Full-service laundry', 'Child-friendly']","IDR 324,001",Jakarta
Feodora Hotel grogol,3-star hotel,3.8,(611),"['Free breakfast', 'Free Wi-Fi', 'Free parking', 'Air conditioning', 'Restaurant', 'Room service', 'Full-service laundry', 'Child-friendly']","IDR 182,269",Jakarta
Hotel NEO Mangga Dua Square,3-star hotel,4.1,"(3,292)","['Breakfast', 'Free Wi-Fi', 'Free parking', 'Air conditioning', 'Restaurant', 'Room service', 'Airport shuttle', 'Full-service laundry']","IDR 272,232",Jakarta
Orchardz Hotel Bandara,3-star hotel,4.4,"(3,899)","['Free breakfast', 'Free Wi-Fi', 'Free parking', 'Air conditioning', 'Spa', 'Restaurant', 'Room service', 'Airport shuttle']","IDR 466,765",Jakarta
Hotel Santika Kelapa Gading,3-star hotel,4.4,"(3,811)","['Free breakfast', 'Free Wi-Fi', 'Free parking', 'Air conditioning', 'Spa', 'Restaurant', 'Room service', 'Airport shuttle']","IDR 471,980",Jakarta
Hotel Horison Ciledug,3-star hotel,4.6,"(3,656)","['Breakfast ($)', 'Free Wi-Fi', 'Free parking', 'Outdoor pool', 'Air conditioning', 'Fitness centre', 'Bar', 'Restaurant']","IDR 436,941",Jakarta
MaxOneHotels.com @ Pemuda,3-star hotel,4.2,"(2,668)","['Breakfast', 'Free Wi-Fi', 'Parking', 'Air conditioning', 'Restaurant', 'Room service', 'Full-service laundry', 'Accessible']","IDR 339,319",Jakarta
Somerset Grand Citra Jakarta,3-star hotel,4.5,"(2,822)","['Breakfast', 'Free Wi-Fi', 'Free parking', 'Outdoor pool', 'Hot tub', 'Air conditioning', 'Fitness centre', 'Restaurant']","IDR 1,248,317",Jakarta
Blue Sky Pandurata Boutique Hotel,3-star hotel,4.3,"(1,327)","['Breakfast', 'Free Wi-Fi', 'Free parking', 'Air conditioning', 'Restaurant', 'Room service', 'Full-service laundry', 'Child-friendly']","IDR 574,041",Jakarta
Sofyan Hotel Cut Meutia Cikini Menteng Jakarta,3-star hotel,4.4,"(3,142)","['Free breakfast', 'Free Wi-Fi', 'Free parking', 'Air conditioning', 'Fitness centre', 'Restaurant', 'Room service', 'Full-service laundry']","IDR 284,905",Jakarta
Hotel Grand Menteng,3-star hotel,4,"(1,148)","['Free breakfast', 'Free Wi-Fi', 'Parking', 'Air conditioning', 'Spa', 'Bar', 'Restaurant', 'Room service']","IDR 325,492",Jakarta
RedDoorz Premium near Ragunan Zoo 2,3-star hotel,4.2,(743),"['Free Wi-Fi', 'Free parking', 'Child-friendly']","IDR 228,000",Jakarta
PAX Hotel Jakarta,3-star hotel,4.2,(414),"['Free Wi-Fi', 'Free parking', 'Air conditioning', 'Full-service laundry', 'Child-friendly']","IDR 261,504",Jakarta
RedDoorz Plus @ Kapuk Business Park,3-star hotel,3.6,(966),"['Free Wi-Fi', 'Room service']","IDR 141,705",Jakarta
678 Hotel Cawang,3-star hotel,4.1,"(1,857)","['Free breakfast', 'Free Wi-Fi', 'Free parking', 'Air conditioning', 'Restaurant', 'Room service', 'Full-service laundry']",0,Jakarta
Sans Hotel Fiducia Kaji,3-star hotel,3.9,(432),"['Breakfast', 'Free Wi-Fi', 'Free parking', 'Air conditioning', 'Restaurant', 'Room service', 'Full-service laundry']","IDR 142,850",Jakarta
Hotel Hollywood,3-star hotel,3.8,"(1,007)","['Free Wi-Fi', 'Air conditioning', 'Restaurant', 'Room service', 'Full-service laundry']",0,Jakarta
Puri Mega Hotel,3-star hotel,4,"(1,244)","['Free breakfast', 'Free Wi-Fi', 'Parking', 'Air conditioning', 'Spa', 'Restaurant', 'Room service', 'Full-service laundry']","IDR 257,141",Jakarta
d'primahotel Airport Jakarta Terminal 1A,3-star hotel,4.1,(519),"['Breakfast', 'Free Wi-Fi', 'Restaurant', 'Airport shuttle', 'Full-service laundry', 'Child-friendly']","IDR 723,857",Jakarta
RedDoorz Plus near Soekarno Hatta Airport 2,3-star hotel,4.3,(197),"['Free Wi-Fi', 'Air conditioning', 'Restaurant', 'Room service', 'Child-friendly']","IDR 134,592",Jakarta
Airy Thamrin Kota Bumi 31 Jakarta,3-star hotel,4,(191),"['Free Wi-Fi', 'Free parking', 'Air conditioning', 'Breakfast', 'Restaurant', 'Smoke-free property']",0,Jakarta
Cosmo Amaroossa Jakarta,4-star hotel,4.3,"(3,186)","['Free breakfast', 'Free Wi-Fi', 'Free parking', 'Outdoor pool', 'Air conditioning', 'Fitness centre', 'Spa', 'Bar']","IDR 396,828",Jakarta
Swiss-Belhotel Pondok Indah,4-star hotel,4.5,"(6,563)","['Breakfast', 'Free Wi-Fi', 'Free parking', 'Outdoor pool', 'Air conditioning', 'Fitness centre', 'Spa', 'Restaurant']","IDR 616,309",Jakarta
Grand Dafam Ancol Jakarta,4-star hotel,4.5,(601),"['Free breakfast', 'Free Wi-Fi', 'Free parking', 'Pool', 'Air conditioning', 'Restaurant', 'Room service', 'Full-service laundry']","IDR 580,379",Jakarta
Hilton Garden Inn Jakarta Taman Palem,4-star hotel,4.6,(573),"['Breakfast ($)', 'Free Wi-Fi', 'Free parking', 'Outdoor pool', 'Air conditioning', 'Fitness centre', 'Bar', 'Restaurant']","IDR 747,503",Jakarta
Hotel Ciputra Jakarta,4-star hotel,4.6,"(12,511)","['Breakfast ($)', 'Free Wi-Fi', 'Free parking', 'Outdoor pool', 'Air conditioning', 'Fitness centre', 'Spa', 'Bar']","IDR 589,888",Jakarta
éL Hotel Royale Jakarta,4-star hotel,4.3,"(3,660)","['Free breakfast', 'Free Wi-Fi', 'Free parking', 'Outdoor pool', 'Air conditioning', 'Fitness centre', 'Spa', 'Bar']","IDR 463,129",Jakarta
The Jayakarta SP Jakarta Hotel & Spa,4-star hotel,4.2,"(3,685)","['Breakfast', 'Free Wi-Fi', 'Free parking', 'Outdoor pool', 'Hot tub', 'Air conditioning', 'Fitness centre', 'Spa']","IDR 302,331",Jakarta
Hotel Santika Premiere Slipi Jakarta,4-star hotel,4.5,"(7,743)","['Breakfast', 'Free Wi-Fi', 'Free parking', 'Outdoor pool', 'Hot tub', 'Air conditioning', 'Fitness centre', 'Spa']","IDR 638,685",Jakarta
ASTON Kartika Grogol Hotel & Conference,4-star hotel,4.7,"(2,794)","['Breakfast', 'Free Wi-Fi', 'Free parking', 'Pool', 'Air conditioning', 'Fitness centre', 'Spa', 'Restaurant']","IDR 551,994",Jakarta
ASTON Priority Simatupang & Conference Center,4-star hotel,4.6,"(10,248)","['Free breakfast', 'Free Wi-Fi', 'Free parking', 'Outdoor pool', 'Air conditioning', 'Fitness centre', 'Spa', 'Restaurant']","IDR 776,033",Jakarta
ASTON Pluit Hotel & Residence,4-star hotel,4.4,"(5,297)","['Breakfast', 'Free Wi-Fi', 'Free parking', 'Outdoor pool', 'Air conditioning', 'Fitness centre', 'Spa', 'Restaurant']","IDR 583,246",Jakarta
Swiss-Belhotel Pondok Indah,4-star hotel,4.5,"(6,563)","['Breakfast', 'Free Wi-Fi', 'Free parking', 'Outdoor pool', 'Air conditioning', 'Fitness centre', 'Spa', 'Restaurant']","IDR 526,313",Jakarta
Mercure Jakarta Gatot Subroto,4-star hotel,4.5,"(3,277)","['Breakfast', 'Free Wi-Fi', 'Free parking', 'Pool', 'Air conditioning', 'Fitness centre', 'Spa', 'Bar']","IDR 716,343",Jakarta
Mercure Jakarta Kota,4-star hotel,4.4,"(3,336)","['Breakfast', 'Free Wi-Fi', 'Parking', 'Outdoor pool', 'Hot tub', 'Air conditioning', 'Pet-friendly', 'Fitness centre']","IDR 458,115",Jakarta
Mercure Jakarta Kota,4-star hotel,4.4,"(3,336)","['Breakfast', 'Free Wi-Fi', 'Parking', 'Outdoor pool', 'Hot tub', 'Air conditioning', 'Pet-friendly', 'Fitness centre']","IDR 458,115",Jakarta
"Holiday Inn & Suites Jakarta Gajah Mada, an IHG Hotel",4-star hotel,4.7,"(2,539)","['Breakfast ($)', 'Free Wi-Fi', 'Free parking', 'Outdoor pool', 'Air conditioning', 'Fitness centre', 'Spa', 'Restaurant']","IDR 835,505",Jakarta
Novotel Jakarta Mangga Dua Square,4-star hotel,4.6,"(6,367)","['Breakfast', 'Free Wi-Fi', 'Free parking', 'Outdoor pool', 'Hot tub', 'Air conditioning', 'Fitness centre', 'Spa']","IDR 587,326",Jakarta
HARRIS Suites Puri Mansion,4-star hotel,4.3,"(1,163)","['Breakfast', 'Free Wi-Fi', 'Free parking', 'Pool', 'Fitness centre', 'Spa', 'Restaurant', 'Room service']","IDR 520,906",Jakarta
Royal Kuningan Hotel,4-star hotel,4.4,"(5,774)","['Breakfast', 'Free Wi-Fi', 'Free parking', 'Outdoor pool', 'Air conditioning', 'Fitness centre', 'Spa', 'Restaurant']","IDR 571,558",Jakarta
Amos Cozy Hotel & Convention Hall Jakarta,4-star hotel,3.9,"(1,857)","['Free breakfast', 'Free Wi-Fi', 'Free parking', 'Pool', 'Air conditioning', 'Fitness centre', 'Spa', 'Bar']","IDR 388,441",Jakarta
Best Western Premier The Hive,4-star hotel,4.4,"(7,751)","['Breakfast', 'Free Wi-Fi', 'Free parking', 'Outdoor pool', 'Air conditioning', 'Fitness centre', 'Spa', 'Bar']","IDR 443,250",Jakarta
Harris Suites fX Sudirman - Jakarta,4-star hotel,4.5,"(4,583)","['Breakfast ($)', 'Free Wi-Fi', 'Free parking', 'Outdoor pool', 'Air conditioning', 'Fitness centre', 'Restaurant', 'Room service']","IDR 791,969",Jakarta
Mercure Jakarta Batavia,4-star hotel,4.6,"(2,336)","['Breakfast', 'Free Wi-Fi', 'Free parking', 'Outdoor pool', 'Air conditioning', 'Fitness centre', 'Spa', 'Bar']","IDR 753,244",Jakarta
"Four Points by Sheraton Jakarta, Thamrin",4-star hotel,4.4,"(2,801)","['Breakfast ($)', 'Free Wi-Fi', 'Free parking', 'Air conditioning', 'Fitness centre', 'Spa', 'Bar', 'Restaurant']","IDR 1,164,960",Jakarta
Hariston Hotel & Suites,4-star hotel,4.3,"(3,397)","['Breakfast', 'Free Wi-Fi', 'Free parking', 'Outdoor pool', 'Air conditioning', 'Fitness centre', 'Spa', 'Restaurant']","IDR 364,163",Jakarta
The Acacia Hotel & Resort,4-star hotel,4.2,"(3,792)","['Free breakfast', 'Free Wi-Fi', 'Parking ($)', 'Outdoor pool', 'Air conditioning', 'Fitness centre', 'Spa', 'Bar']","IDR 461,295",Jakarta
Aston Kemayoran City Hotel,4-star hotel,4.6,(326),"['Breakfast ($)', 'Free Wi-Fi', 'Free parking', 'Air conditioning', 'Bar', 'Restaurant', 'Room service', 'Full-service laundry']","IDR 627,763",Jakarta
Mercure Jakarta Pantai Indah Kapuk,4-star hotel,4.6,"(4,158)","['Breakfast', 'Free Wi-Fi', 'Free parking', 'Outdoor pool', 'Air conditioning', 'Fitness centre', 'Spa', 'Bar']","IDR 1,349,991",Jakarta
Menara Peninsula Hotel,4-star hotel,4.4,"(7,494)","['Breakfast', 'Free Wi-Fi', 'Free parking', 'Outdoor pool', 'Hot tub', 'Air conditioning', 'Fitness centre', 'Spa']","IDR 403,209",Jakarta
grandkemang Jakarta,4-star hotel,4.4,"(5,317)","['Breakfast', 'Free Wi-Fi', 'Free parking', 'Outdoor pool', 'Air conditioning', 'Fitness centre', 'Spa', 'Bar']","IDR 482,744",Jakarta
Best Western Plus Kemayoran Hotel,4-star hotel,4.3,"(4,523)","['Breakfast', 'Free Wi-Fi', 'Free parking', 'Outdoor pool', 'Air conditioning', 'Fitness centre', 'Spa', 'Restaurant']","IDR 383,930",Jakarta
Grand Whiz Poins Simatupang Jakarta,4-star hotel,4.5,"(3,192)","['Breakfast', 'Free Wi-Fi', 'Free parking', 'Outdoor pool', 'Hot tub', 'Air conditioning', 'Fitness centre', 'Spa']","IDR 435,000",Jakarta
Somerset Sudirman Jakarta,4-star hotel,4.6,(115),"['Free Wi-Fi', 'Free parking', 'Outdoor pool', 'Hot tub', 'Air conditioning', 'Fitness centre', 'Restaurant', 'Room service']","IDR 1,025,100",Jakarta
Grand Tjokro,4-star hotel,4.2,"(2,722)","['Free breakfast', 'Free Wi-Fi', 'Free parking', 'Outdoor pool', 'Air conditioning', 'Fitness centre', 'Spa', 'Restaurant']","IDR 392,955",Jakarta
ibis Styles Jakarta Gajah Mada,4-star hotel,4.4,"(3,189)","['Breakfast', 'Free Wi-Fi', 'Free parking', 'Outdoor pool', 'Air conditioning', 'Spa', 'Bar', 'Restaurant']","IDR 476,758",Jakarta
ASTON Bellevue Radio Dalam,4-star hotel,4.3,"(2,796)","['Breakfast', 'Free Wi-Fi', 'Free parking', 'Indoor pool', 'Air conditioning', 'Fitness centre', 'Spa', 'Restaurant']","IDR 568,625",Jakarta
Mercure Jakarta Sabang,4-star hotel,4.4,"(5,097)","['Breakfast', 'Free Wi-Fi', 'Free parking', 'Outdoor pool', 'Air conditioning', 'Fitness centre', 'Spa', 'Bar']","IDR 854,228",Jakarta
HARRIS Hotel Tebet - Jakarta,4-star hotel,4.4,"(6,015)","['Breakfast ($)', 'Free Wi-Fi', 'Parking ($)', 'Outdoor pool', 'Air conditioning', 'Fitness centre', 'Spa', 'Bar']","IDR 523,459",Jakarta
AONE Hotel Jakarta,4-star hotel,4.3,"(3,686)","['Breakfast', 'Free Wi-Fi', 'Free parking', 'Outdoor pool', 'Fitness centre', 'Restaurant', 'Room service', 'Full-service laundry']","IDR 570,000",Jakarta
Century Park,4-star hotel,4.5,"(10,212)","['Free breakfast', 'Free Wi-Fi', 'Free parking', 'Outdoor pool', 'Air conditioning', 'Fitness centre', 'Spa', 'Bar']","IDR 700,000",Jakarta
Ambhara Hotel,4-star hotel,4.3,"(5,710)","['Breakfast', 'Free Wi-Fi', 'Free parking', 'Outdoor pool', 'Air conditioning', 'Fitness centre', 'Spa', 'Bar']","IDR 250,300",Jakarta
Millennium Hotel Sirih Jakarta,4-star hotel,4.5,"(9,539)","['Breakfast', 'Free Wi-Fi', 'Free parking', 'Outdoor pool', 'Hot tub', 'Air conditioning', 'Fitness centre', 'Spa']","IDR 472,223",Jakarta
Oakwood Apartments PIK Jakarta,4-star hotel,4.6,"(1,549)","['Free breakfast', 'Free Wi-Fi', 'Free parking', 'Outdoor pool', 'Air conditioning', 'Fitness centre', 'Restaurant', 'Room service']","IDR 860,766",Jakarta
Hotel GranDhika Iskandarsyah,4-star hotel,4.5,"(5,256)","['Free breakfast', 'Free Wi-Fi', 'Free parking', 'Outdoor pool', 'Hot tub', 'Air conditioning', 'Fitness centre', 'Spa']","IDR 576,606",Jakarta
Morrissey Hotel,4-star hotel,4.6,"(4,483)","['Breakfast', 'Free Wi-Fi', 'Free parking', 'Pool', 'Air conditioning', 'Fitness centre', 'Spa', 'Restaurant']","IDR 959,310",Jakarta
Novotel Jakarta Gajah Mada,4-star hotel,4.4,"(5,251)","['Breakfast', 'Free Wi-Fi', 'Free parking', 'Outdoor pool', 'Air conditioning', 'Fitness centre', 'Spa', 'Bar']","IDR 608,598",Jakarta
JS Luwansa,4-star hotel,4.5,"(7,792)","['Breakfast', 'Free Wi-Fi', 'Free parking', 'Outdoor pool', 'Air conditioning', 'Fitness centre', 'Spa', 'Bar']","IDR 899,390",Jakarta
Hotel Kartika Chandra,4-star hotel,4.3,"(6,269)","['Breakfast', 'Free Wi-Fi', 'Free parking', 'Outdoor pool', 'Air conditioning', 'Fitness centre', 'Spa', 'Restaurant']","IDR 483,129",Jakarta
Santika Premiere Hayam Wuruk,4-star hotel,4.5,"(4,288)","['Free breakfast', 'Free Wi-Fi', 'Free parking', 'Indoor pool', 'Air conditioning', 'Fitness centre', 'Spa', 'Bar']","IDR 526,899",Jakarta
Mercure Jakarta Cikini,4-star hotel,4.5,"(4,083)","['Breakfast', 'Free Wi-Fi', 'Free parking', 'Outdoor pool', 'Air conditioning', 'Fitness centre', 'Spa', 'Bar']","IDR 892,902",Jakarta
Sari Pacific Jakarta,4-star hotel,4.5,"(8,544)","['Breakfast', 'Free Wi-Fi', 'Free parking', 'Outdoor pool', 'Hot tub', 'Air conditioning', 'Fitness centre', 'Spa']","IDR 828,520",Jakarta
Avenzel Hotel and Convention Cibubur,4-star hotel,4.6,"(3,510)","['Free breakfast', 'Free Wi-Fi', 'Free parking', 'Outdoor pool', 'Hot tub', 'Air conditioning', 'Fitness centre', 'Spa']","IDR 813,677",Jakarta
Sunlake Hotel,4-star hotel,4.4,"(7,683)","['Breakfast', 'Free Wi-Fi', 'Parking ($)', 'Outdoor pool', 'Hot tub', 'Air conditioning', 'Fitness centre', 'Bar']","IDR 512,000",Jakarta
Mercure Convention Center Ancol,4-star hotel,4.4,"(10,555)","['Breakfast', 'Free Wi-Fi', 'Free parking', 'Outdoor pool', 'Air conditioning', 'Fitness centre', 'Spa', 'Beach access']","IDR 797,768",Jakarta
Hotel Santika Premiere Kota Harapan Indah,4-star hotel,4.5,"(6,769)","['Free breakfast', 'Free Wi-Fi', 'Free parking', 'Outdoor pool', 'Hot tub', 'Air conditioning', 'Fitness centre', 'Spa']","IDR 672,758",Jakarta
Swiss-Belhotel Mangga Besar,4-star hotel,4.4,"(6,154)","['Breakfast', 'Free Wi-Fi', 'Parking', 'Pool', 'Hot tub', 'Air conditioning', 'Fitness centre', 'Spa']","IDR 513,679",Jakarta
d'primahotel Tangerang,4-star hotel,4.4,"(6,468)","['Breakfast', 'Free Wi-Fi', 'Free parking', 'Outdoor pool', 'Air conditioning', 'Fitness centre', 'Spa', 'Restaurant']","IDR 444,030",Jakarta
Akmani Hotel Jakarta,4-star hotel,4.2,"(2,883)","['Breakfast', 'Free Wi-Fi', 'Free parking', 'Pool', 'Hot tub', 'Air conditioning', 'Fitness centre', 'Spa']","IDR 597,788",Jakarta
THE 1O1 Jakarta Sedayu Darmawangsa,4-star hotel,4.5,"(2,630)","['Breakfast', 'Free Wi-Fi', 'Free parking', 'Outdoor pool', 'Air conditioning', 'Fitness centre', 'Spa', 'Restaurant']","IDR 558,612",Jakarta
Cosmo Amaroossa Jakarta,4-star hotel,4.3,"(3,186)","['Free breakfast', 'Free Wi-Fi', 'Free parking', 'Outdoor pool', 'Air conditioning', 'Fitness centre', 'Spa', 'Bar']","IDR 396,828",Jakarta
DiscoveryAncol,4-star hotel,4.3,"(3,727)","['Breakfast', 'Free Wi-Fi', 'Free parking', 'Outdoor pool', 'Hot tub', 'Air conditioning', 'Fitness centre', 'Spa']","IDR 612,258",Jakarta
The Margo Hotel,4-star hotel,4.6,"(9,652)","['Breakfast', 'Free Wi-Fi', 'Free parking', 'Outdoor pool', 'Air conditioning', 'Fitness centre', 'Spa', 'Restaurant']","IDR 749,686",Jakarta
HARRIS Vertu Hotel Harmoni - Jakarta,4-star hotel,4.6,"(7,411)","['Breakfast', 'Free Wi-Fi', 'Free parking', 'Outdoor pool', 'Air conditioning', 'Fitness centre', 'Spa', 'Restaurant']","IDR 736,836",Jakarta
Mercure Jakarta Simatupang,4-star hotel,4.4,"(5,337)","['Breakfast', 'Free Wi-Fi', 'Free parking', 'Outdoor pool', 'Hot tub', 'Air conditioning', 'Fitness centre', 'Spa']","IDR 621,726",Jakarta
HARRIS Hotel & Conventions Kelapa Gading,4-star hotel,4.6,"(3,932)","['Breakfast', 'Free Wi-Fi', 'Free parking', 'Air conditioning', 'Restaurant', 'Room service', 'Airport shuttle', 'Full-service laundry']","IDR 703,615",Jakarta
Kristal Hotel,4-star hotel,4.4,"(4,444)","['Breakfast', 'Free Wi-Fi', 'Free parking', 'Outdoor pool', 'Air conditioning', 'Fitness centre', 'Spa', 'Bar']","IDR 619,463",Jakarta
Swiss-Belresidences Rasuna Epicentrum,4-star hotel,4.5,(906),"['Free breakfast', 'Free Wi-Fi', 'Free parking', 'Outdoor pool', 'Air conditioning', 'Fitness centre', 'Spa', 'Restaurant']","IDR 576,300",Jakarta
Sotis Hotel Kemang Jakarta,4-star hotel,4.5,(423),"['Free breakfast', 'Free Wi-Fi', 'Free parking', 'Indoor pool', 'Air conditioning', 'Spa', 'Restaurant', 'Room service']","IDR 928,571",Jakarta
Kosenda Hotel,4-star hotel,4.4,(999),"['Free breakfast', 'Free Wi-Fi', 'Free parking', 'Air conditioning', 'Bar', 'Restaurant', 'Room service', 'Airport shuttle']","IDR 600,000",Jakarta
Lumire Hotel & Convention Center,4-star hotel,4.4,"(6,094)","['Free breakfast', 'Free Wi-Fi', 'Free parking', 'Outdoor pool', 'Air conditioning', 'Fitness centre', 'Spa', 'Bar']","IDR 766,972",Jakarta
FM7 Resort Hotel Jakarta Airport,4-star hotel,4.3,"(5,102)","['Free breakfast', 'Free Wi-Fi', 'Free parking', 'Indoor pool', 'Hot tub', 'Air conditioning', 'Fitness centre', 'Spa']","IDR 585,098",Jakarta
Novotel Jakarta Cikini,4-star hotel,4.7,"(2,199)","['Breakfast', 'Free Wi-Fi', 'Free parking', 'Outdoor pool', 'Air conditioning', 'Fitness centre', 'Bar', 'Restaurant']","IDR 938,288",Jakarta
Grand Tropic Suites Hotel Jakarta,4-star hotel,4.2,"(3,583)","['Free breakfast', 'Free Wi-Fi', 'Free parking', 'Outdoor pool', 'Hot tub', 'Air conditioning', 'Spa', 'Kitchen in some rooms']","IDR 461,548",Jakarta
Oasis Amir Hotel,4-star hotel,4.1,"(3,870)","['Breakfast', 'Free Wi-Fi', 'Free parking', 'Pool', 'Hot tub', 'Air conditioning', 'Spa', 'Restaurant']","IDR 437,774",Jakarta
Swiss-Belresidences Kalibata,4-star hotel,4.7,"(11,067)","['Breakfast', 'Free Wi-Fi', 'Free parking', 'Outdoor pool', 'Air conditioning', 'Fitness centre', 'Spa', 'Restaurant']","IDR 562,667",Jakarta
Park Regis Arion,4-star hotel,4.3,"(2,302)","['Breakfast', 'Free Wi-Fi', 'Free parking', 'Outdoor pool', 'Air conditioning', 'Fitness centre', 'Spa', 'Restaurant']","IDR 455,394",Jakarta
Ashley Wahid Hasyim Jakarta,4-star hotel,4.5,"(4,664)","['Free breakfast', 'Free Wi-Fi', 'Free parking', 'Air conditioning', 'Fitness centre', 'Bar', 'Restaurant', 'Airport shuttle']","IDR 669,865",Jakarta
All Sedayu Hotel Kelapa Gading,4-star hotel,4.4,"(2,341)","['Free breakfast', 'Free Wi-Fi', 'Free parking', 'Air conditioning', 'Fitness centre', 'Spa', 'Restaurant', 'Room service']","IDR 600,569",Jakarta
Harper MT. Haryono,4-star hotel,4.6,"(9,152)","['Free breakfast', 'Free Wi-Fi', 'Free parking', 'Indoor pool', 'Air conditioning', 'Fitness centre', 'Spa', 'Bar']","IDR 541,437",Jakarta
Grand Orchardz Kemayoran,4-star hotel,4.6,"(2,394)","['Free breakfast', 'Free Wi-Fi', 'Free parking', 'Air conditioning', 'Spa', 'Restaurant', 'Room service', 'Full-service laundry']","IDR 568,800",Jakarta
Veranda Hotel at Pakubuwono,4-star hotel,4.4,"(5,940)","['Breakfast', 'Free Wi-Fi', 'Free parking', 'Outdoor pool', 'Air conditioning', 'Fitness centre', 'Spa', 'Restaurant']","IDR 593,723",Jakarta
Hotel Bidakara Jakarta,4-star hotel,4.5,"(6,787)","['Free breakfast', 'Free Wi-Fi', 'Free parking', 'Outdoor pool', 'Air conditioning', 'Fitness centre', 'Spa', 'Restaurant']","IDR 509,670",Jakarta
"Holiday Inn Jakarta Kemayoran, an IHG Hotel",4-star hotel,4.6,"(7,133)","['Free breakfast', 'Free Wi-Fi', 'Free parking', 'Outdoor pool', 'Air conditioning', 'Fitness centre', 'Spa', 'Bar']","IDR 1,218,123",Jakarta
Sutasoma Hotel,4-star hotel,4.7,(296),"['Free breakfast', 'Free Wi-Fi', 'Free parking', 'Outdoor pool', 'Air conditioning', 'Bar', 'Restaurant', 'Room service']","IDR 750,000",Jakarta
Ra Premiere Simatupang,4-star hotel,4.5,(486),"['Breakfast', 'Free Wi-Fi', 'Free parking', 'Outdoor pool', 'Hot tub', 'Air conditioning', 'Fitness centre', 'Restaurant']","IDR 629,381",Jakarta
Swiss-Belhotel Airport Jakarta,4-star hotel,4.4,"(5,236)","['Free breakfast', 'Free Wi-Fi', 'Free parking', 'Air conditioning', 'Bar', 'Room service', 'Airport shuttle', 'Full-service laundry']","IDR 475,000",Jakarta
YUAN GARDEN Pasar Baru,4-star hotel,4.5,"(2,561)","['Free breakfast', 'Free Wi-Fi', 'Free parking', 'Outdoor pool', 'Hot tub', 'Air conditioning', 'Fitness centre', 'Spa']","IDR 431,210",Jakarta
Ascott Jakarta,4-star hotel,4.6,"(4,830)","['Breakfast', 'Free Wi-Fi', 'Free parking', 'Outdoor pool', 'Air conditioning', 'Pet-friendly', 'Fitness centre', 'Spa']","IDR 2,269,556",Jakarta
PSW Antasari Hotel,4-star hotel,4.6,(880),"['Free breakfast', 'Free Wi-Fi', 'Free parking', 'Outdoor pool', 'Air conditioning', 'Spa', 'Bar', 'Restaurant']","IDR 558,976",Jakarta
Aloft Jakarta Wahid Hasyim,4-star hotel,4.5,"(2,471)","['Breakfast ($)', 'Free Wi-Fi', 'Free parking', 'Pools', 'Air conditioning', 'Fitness centre', 'Bar', 'Restaurant']","IDR 1,127,605",Jakarta
Grand Cempaka Business Hotel,4-star hotel,4.3,"(5,207)","['Free breakfast', 'Free Wi-Fi', 'Free parking', 'Outdoor pool', 'Air conditioning', 'Fitness centre', 'Spa', 'Restaurant']","IDR 499,579",Jakarta
The Gunawarman,4-star hotel,4.5,(637),"['Free breakfast', 'Free Wi-Fi', 'Free parking', 'Air conditioning', 'Bar', 'Restaurant', 'Room service', 'Full-service laundry']","IDR 2,083,871",Jakarta
Hotel Ciputra Cibubur managed by Swiss-Belhotel International,4-star hotel,4.6,"(2,974)","['Free breakfast', 'Free Wi-Fi', 'Free parking', 'Outdoor pool', 'Air conditioning', 'Fitness centre', 'Spa', 'Restaurant']","IDR 883,292",Jakarta
favehotel Bandara - Tangerang,4-star hotel,4.3,"(2,061)","['Breakfast', 'Free Wi-Fi', 'Free parking', 'Air conditioning', 'Restaurant', 'Room service', 'Airport shuttle', 'Full-service laundry']","IDR 373,229",Jakarta
"The Mayflower, Jakarta - Marriott Executive Apartments",4-star hotel,4.7,(506),"['Breakfast ($)', 'Free Wi-Fi', 'Free parking', 'Indoor pool', 'Hot tub', 'Air conditioning', 'Fitness centre', 'Spa']","IDR 2,117,500",Jakarta
Golden Boutique Hotel Kemayoran,4-star hotel,4.4,"(5,017)","['Free breakfast', 'Free Wi-Fi', 'Free parking', 'Pool', 'Air conditioning', 'Fitness centre', 'Spa', 'Restaurant']","IDR 374,400",Jakarta
Aloft South Jakarta,4-star hotel,4.7,(748),"['Breakfast ($)', 'Free Wi-Fi', 'Free parking', 'Outdoor pool', 'Air conditioning', 'Fitness centre', 'Bar', 'Restaurant']","IDR 781,806",Jakarta
Ascott Sudirman Jakarta,4-star hotel,4.6,"(1,671)","['Breakfast', 'Free Wi-Fi', 'Free parking', 'Pool', 'Air conditioning', 'Fitness centre', 'Spa', 'Restaurant']","IDR 2,113,564",Jakarta
Redtop Hotel & Convention Center,4-star hotel,4.4,"(4,828)","['Breakfast', 'Free Wi-Fi', 'Free parking', 'Outdoor pool', 'Hot tub', 'Air conditioning', 'Fitness centre', 'Spa']","IDR 613,453",Jakarta
Anara Airport Hotel Terminal 3 CGK,4-star hotel,4.8,"(1,389)","['Breakfast', 'Free Wi-Fi', 'Parking ($)', 'Room service', 'Full-service laundry', 'Accessible']","IDR 1,099,999",Jakarta
Albergo Ballroom,4-star hotel,4.3,"(1,054)","['Free breakfast', 'Free Wi-Fi', 'Free parking', 'Outdoor pool', 'Hot tub', 'Air conditioning', 'Fitness centre', 'Spa']","IDR 768,935",Jakarta
Golden Boutique Hotel Melawai,4-star hotel,4.3,"(1,535)","['Free breakfast', 'Free Wi-Fi', 'Free parking', 'Air conditioning', 'Spa', 'Bar', 'Restaurant', 'Room service']","IDR 436,425",Jakarta
Tondano Residence Jakarta,4-star hotel,4.2,(258),"['Free Wi-Fi', 'Free parking', 'Pool', 'Air conditioning', 'Pet-friendly', 'Restaurant', 'Full-service laundry', 'Child-friendly']",0,Jakarta
Somerset Berlian,4-star hotel,4.5,"(3,842)","['Free breakfast', 'Free Wi-Fi', 'Parking', 'Outdoor pool', 'Hot tub', 'Air conditioning', 'Fitness centre', 'Restaurant']","IDR 1,702,167",Jakarta
Elliottii Residence Duta Niaga,4-star hotel,4.6,(78),"['Free Wi-Fi', 'Parking', 'Pool', 'Air conditioning', 'Airport shuttle']",0,Jakarta
Sparks Luxe Jakarta,4-star hotel,4.4,"(3,846)","['Free breakfast', 'Free Wi-Fi', 'Free parking', 'Outdoor pool', 'Hot tub', 'Air conditioning', 'Fitness centre', 'Spa']",0,Jakarta
Batavia Apartments,4-star hotel,4.5,"(1,056)","['Free breakfast', 'Free Wi-Fi', 'Free parking', 'Outdoor pool', 'Hot tub', 'Air conditioning', 'Fitness centre', 'Restaurant']","IDR 709,364",Jakarta
Leisure Inn Arion Hotel,4-star hotel,4.3,(426),"['Free breakfast', 'Free Wi-Fi', 'Free parking', 'Air conditioning', 'Spa', 'Bar', 'Restaurant', 'Room service']","IDR 412,590",Jakarta
Nagomi Suites,4-star hotel,4.7,(120),"['Breakfast ($)', 'Free Wi-Fi', 'Free parking', 'Air conditioning', 'Bar', 'Restaurant', 'Room service', 'Kitchen in rooms']","IDR 902,700",Jakarta
Citadines Rasuna Jakarta,4-star hotel,4.1,(131),"['Breakfast', 'Free Wi-Fi', 'Free parking', 'Indoor pool', 'Hot tub', 'Air conditioning', 'Fitness centre', 'Spa']","IDR 904,698",Jakarta
Twin Plaza Hotel,4-star hotel,-,-,"['Free Wi-Fi', 'Air conditioning', 'Restaurant']",0,Jakarta
Midtown Residence,4-star hotel,4.1,(116),"['Breakfast', 'Free Wi-Fi', 'Free parking', 'Outdoor pool', 'Air conditioning', 'Fitness centre', 'Restaurant', 'Room service']","IDR 651,613",Jakarta
Elliottii Residence Pondok Hijau,4-star hotel,4.5,(84),"['Free Wi-Fi', 'Parking', 'Pool', 'Restaurant']",0,Jakarta
Elliottii Residence Alam Asri,4-star hotel,4.4,(131),"['Free Wi-Fi', 'Free parking', 'Pool', 'Air conditioning']",0,Jakarta
Countrywoods Residences,4-star hotel,4.4,(619),"['Free Wi-Fi', 'Parking', 'Outdoor pool', 'Air conditioning', 'Pet-friendly', 'Fitness centre', 'Restaurant', 'Room service']",0,Jakarta
"Mandarin Oriental, Jakarta",5-star hotel,4.7,"(6,740)","['Breakfast', 'Wi-Fi', 'Free parking', 'Outdoor pool', 'Hot tub', 'Air conditioning', 'Fitness centre', 'Spa']","IDR 3,184,720",Jakarta
"The Hermitage, a Tribute Portfolio Hotel, Jakarta",5-star hotel,4.6,"(3,785)","['Breakfast ($)', 'Free Wi-Fi', 'Free parking', 'Outdoor pool', 'Air conditioning', 'Fitness centre', 'Spa', 'Bar']","IDR 3,205,290",Jakarta
Aryaduta Jakarta,5-star hotel,4.5,"(10,400)","['Breakfast', 'Free Wi-Fi', 'Free parking', 'Outdoor pool', 'Hot tub', 'Air conditioning', 'Fitness centre', 'Spa']","IDR 573,438",Jakarta
Hotel Indonesia Kempinski Jakarta,5-star hotel,4.7,"(18,071)","['Breakfast', 'Free Wi-Fi', 'Free parking', 'Outdoor pool', 'Hot tub', 'Air conditioning', 'Fitness centre', 'Spa']","IDR 2,561,376",Jakarta
"Goodrich Suites, ARTOTEL Portfolio",5-star hotel,4.5,"(1,714)","['Breakfast ($)', 'Free Wi-Fi', 'Free parking', 'Outdoor pool', 'Hot tub', 'Air conditioning', 'Fitness centre', 'Bar']","IDR 930,232",Jakarta
Wyndham Casablanca Jakarta,5-star hotel,4.6,"(2,051)","['Breakfast ($)', 'Free Wi-Fi', 'Parking ($)', 'Outdoor pool', 'Air conditioning', 'Fitness centre', 'Spa', 'Bar']","IDR 774,187",Jakarta
Pullman Jakarta Central Park,5-star hotel,4.6,"(7,862)","['Breakfast', 'Free Wi-Fi', 'Free parking', 'Outdoor pool', 'Air conditioning', 'Fitness centre', 'Spa', 'Bar']","IDR 2,144,541",Jakarta
Hotel Borobudur Jakarta,5-star hotel,4.6,"(17,486)","['Breakfast', 'Free Wi-Fi', 'Free parking', 'Outdoor pool', 'Hot tub', 'Air conditioning', 'Fitness centre', 'Spa']","IDR 983,450",Jakarta
Pullman Jakarta Indonesia Thamrin CBD,5-star hotel,4.7,"(12,773)","['Breakfast', 'Free Wi-Fi', 'Free parking', 'Indoor pool', 'Hot tub', 'Air conditioning', 'Fitness centre', 'Spa']","IDR 1,839,385",Jakarta
Grand Sahid Jaya,5-star hotel,4.4,"(10,239)","['Free breakfast', 'Free Wi-Fi', 'Free parking', 'Outdoor pool', 'Hot tub', 'Air conditioning', 'Fitness centre', 'Spa']","IDR 843,331",Jakarta
Manhattan Hotel Jakarta,5-star hotel,4.3,"(6,185)","['Breakfast', 'Free Wi-Fi', 'Free parking', 'Outdoor pool', 'Hot tub', 'Air conditioning', 'Fitness centre', 'Spa']","IDR 746,538",Jakarta
Merlynn Park,5-star hotel,4.4,"(9,072)","['Free breakfast', 'Free Wi-Fi', 'Free parking', 'Pools', 'Hot tub', 'Air conditioning', 'Fitness centre', 'Spa']","IDR 635,327",Jakarta
"The Langham, Jakarta",5-star hotel,4.7,(790),"['Breakfast', 'Free Wi-Fi', 'Free parking', 'Pools', 'Hot tub', 'Air conditioning', 'Fitness centre', 'Spa']","IDR 3,366,000",Jakarta
Artotel Suites Mangkuluhur Jakarta,5-star hotel,4.4,"(4,722)","['Breakfast ($)', 'Free Wi-Fi', 'Free parking', 'Outdoor pool', 'Air conditioning', 'Fitness centre', 'Spa', 'Bar']","IDR 1,162,685",Jakarta
"The Langham, Jakarta",5-star hotel,4.7,(790),"['Breakfast', 'Free Wi-Fi', 'Free parking', 'Pools', 'Hot tub', 'Air conditioning', 'Fitness centre', 'Spa']","IDR 3,366,000",Jakarta
Artotel Suites Mangkuluhur Jakarta,5-star hotel,4.4,"(4,722)","['Breakfast ($)', 'Free Wi-Fi', 'Free parking', 'Outdoor pool', 'Air conditioning', 'Fitness centre', 'Spa', 'Bar']","IDR 1,162,685",Jakarta
Grand Mercure Jakarta Kemayoran,5-star hotel,4.6,"(11,802)","['Breakfast ($)', 'Free Wi-Fi', 'Parking ($)', 'Pools', 'Hot tub', 'Air conditioning', 'Fitness centre', 'Spa']","IDR 1,160,362",Jakarta
The Grove Suites,5-star hotel,4.5,"(2,841)","['Free breakfast', 'Free Wi-Fi', 'Free parking', 'Outdoor pool', 'Air conditioning', 'Fitness centre', 'Spa', 'Restaurant']","IDR 905,283",Jakarta
Grand Mercure Jakarta Harmoni,5-star hotel,4.5,"(7,819)","['Breakfast', 'Free Wi-Fi', 'Free parking', 'Pool', 'Hot tub', 'Air conditioning', 'Fitness centre', 'Spa']","IDR 1,024,126",Jakarta
Shangri-La Jakarta,5-star hotel,4.7,"(20,560)","['Breakfast ($)', 'Free Wi-Fi', 'Parking ($)', 'Outdoor pool', 'Hot tub', 'Air conditioning', 'Fitness centre', 'Spa']","IDR 3,069,934",Jakarta
"InterContinental Jakarta Pondok Indah, an IHG Hotel",5-star hotel,4.8,"(4,578)","['Breakfast ($)', 'Free Wi-Fi', 'Free parking', 'Outdoor pool', 'Hot tub', 'Air conditioning', 'Fitness centre', 'Spa']","IDR 3,195,059",Jakarta
The Sultan Hotel & Residence Jakarta,5-star hotel,4.6,"(12,736)","['Free breakfast', 'Free Wi-Fi', 'Free parking', 'Outdoor pool', 'Hot tub', 'Air conditioning', 'Fitness centre', 'Spa']","IDR 960,333",Jakarta
DoubleTree by Hilton Hotel Jakarta - Diponegoro,5-star hotel,4.6,"(9,800)","['Breakfast ($)', 'Wi-Fi ($)', 'Free parking', 'Outdoor pool', 'Air conditioning', 'Fitness centre', 'Spa', 'Bar']","IDR 1,622,837",Jakarta
Hotel Mulia Senayan Jakarta,5-star hotel,4.7,"(18,397)","['Free breakfast', 'Wi-Fi', 'Parking', 'Outdoor pool', 'Hot tub', 'Air conditioning', 'Fitness centre', 'Spa']","IDR 2,882,280",Jakarta
Four Seasons Jakarta,5-star hotel,4.7,"(7,454)","['Breakfast ($)', 'Free Wi-Fi', 'Parking ($)', 'Outdoor pool', 'Air conditioning', 'Fitness centre', 'Spa', 'Bar']","IDR 3,244,855",Jakarta
"Kemang Icon, ARTOTEL Portfolio",5-star hotel,4.3,(742),"['Free breakfast', 'Free Wi-Fi', 'Free parking', 'Outdoor pool', 'Air conditioning', 'Bar', 'Restaurant', 'Room service']","IDR 1,069,975",Jakarta
Grand Hyatt Jakarta,5-star hotel,4.7,"(6,730)","['Breakfast ($)', 'Free Wi-Fi', 'Parking ($)', 'Outdoor pool', 'Hot tub', 'Air conditioning', 'Fitness centre', 'Bar']","IDR 3,606,170",Jakarta
The Orient Hotel Jakarta,5-star hotel,4.8,(149),"['Free breakfast', 'Free Wi-Fi', 'Free parking', 'Pool', 'Hot tub', 'Air conditioning', 'Fitness centre', 'Bar']","IDR 2,256,836",Jakarta
Gran Meliá Jakarta,5-star hotel,4.6,"(7,505)","['Breakfast', 'Free Wi-Fi', 'Free parking', 'Outdoor pool', 'Air conditioning', 'Fitness centre', 'Spa', 'Bar']","IDR 1,935,426",Jakarta
Ayana Midplaza Jakarta,5-star hotel,4.7,"(8,540)","['Breakfast', 'Free Wi-Fi', 'Free parking', 'Outdoor pool', 'Hot tub', 'Air conditioning', 'Fitness centre', 'Spa']","IDR 2,061,885",Jakarta
"The Ritz-Carlton Jakarta, Mega Kuningan",5-star hotel,4.7,"(10,070)","['Breakfast ($)', 'Free Wi-Fi', 'Free parking', 'Outdoor pool', 'Hot tub', 'Air conditioning', 'Fitness centre', 'Spa']","IDR 3,486,140",Jakarta
The Westin Jakarta,5-star hotel,4.7,"(12,886)","['Breakfast ($)', 'Free Wi-Fi', 'Parking ($)', 'Indoor pool', 'Hot tub', 'Air conditioning', 'Fitness centre', 'Spa']","IDR 4,075,138",Jakarta
Hotel Raffles Jakarta,5-star hotel,4.8,"(8,012)","['Breakfast', 'Free Wi-Fi', 'Free parking', 'Outdoor pool', 'Hot tub', 'Air conditioning', 'Fitness centre', 'Spa']","IDR 3,797,865",Jakarta
Le Meridien Jakarta,5-star hotel,4.6,"(10,357)","['Breakfast ($)', 'Free Wi-Fi', 'Free parking', 'Outdoor pool', 'Hot tub', 'Air conditioning', 'Fitness centre', 'Spa']","IDR 2,105,897",Jakarta
Sheraton Grand Jakarta Gandaria City Hotel,5-star hotel,4.7,"(8,811)","['Breakfast ($)', 'Free Wi-Fi', 'Free parking', 'Outdoor pool', 'Air conditioning', 'Fitness centre', 'Spa', 'Restaurant']","IDR 2,909,104",Jakarta
Hotel Gran Mahakam,5-star hotel,4.6,"(4,440)","['Breakfast', 'Free Wi-Fi', 'Free parking', 'Outdoor pool', 'Air conditioning', 'Fitness centre', 'Spa', 'Bar']","IDR 1,008,292",Jakarta
JW Marriott Hotel Jakarta,5-star hotel,4.6,"(9,740)","['Breakfast ($)', 'Free Wi-Fi', 'Free parking', 'Outdoor pool', 'Hot tub', 'Air conditioning', 'Fitness centre', 'Spa']","IDR 3,125,543",Jakarta
Aryaduta Suites Semanggi,5-star hotel,4.5,"(6,807)","['Breakfast', 'Free Wi-Fi', 'Free parking', 'Outdoor pool', 'Hot tub', 'Air conditioning', 'Fitness centre', 'Spa']","IDR 836,028",Jakarta
"The Dharmawangsa, a Luxury Collection Hotel, Jakarta",5-star hotel,4.6,"(4,439)","['Free breakfast', 'Free Wi-Fi', 'Free parking', 'Outdoor pool', 'Hot tub', 'Air conditioning', 'Fitness centre', 'Bar']","IDR 2,194,906",Jakarta
Ascott Kuningan Jakarta,5-star hotel,4.7,"(1,986)","['Breakfast ($)', 'Free Wi-Fi', 'Parking ($)', 'Outdoor pool', 'Air conditioning', 'Fitness centre', 'Restaurant', 'Room service']","IDR 2,153,580",Jakarta
Swissôtel Jakarta PIK Avenue,5-star hotel,4.7,"(3,799)","['Breakfast', 'Free Wi-Fi', 'Free parking', 'Outdoor pool', 'Air conditioning', 'Fitness centre', 'Spa', 'Bar']","IDR 1,900,000",Jakarta
Oakwood Premier Cozmo Jakarta,5-star hotel,4.5,"(3,288)","['Breakfast ($)', 'Free Wi-Fi', 'Free parking', 'Outdoor pool', 'Hot tub', 'Air conditioning', 'Fitness centre', 'Bar']","IDR 2,060,075",Jakarta
Alila SCBD Jakarta,5-star hotel,4.6,"(1,113)","['Breakfast', 'Free Wi-Fi', 'Parking ($)', 'Outdoor pool', 'Hot tub', 'Air conditioning', 'Fitness centre', 'Bar']","IDR 4,183,601",Jakarta
"Mandarin Oriental, Jakarta",5-star hotel,4.7,"(6,740)","['Breakfast', 'Wi-Fi', 'Free parking', 'Outdoor pool', 'Hot tub', 'Air conditioning', 'Fitness centre', 'Spa']","IDR 2,729,945",Jakarta
"The Ritz-Carlton Jakarta, Pacific Place",5-star hotel,4.7,"(9,761)","['Breakfast ($)', 'Free Wi-Fi', 'Free parking', 'Outdoor pool', 'Hot tub', 'Air conditioning', 'Fitness centre', 'Spa']","IDR 7,152,628",Jakarta
Fraser Place Setiabudi,5-star hotel,4.6,"(1,766)","['Free breakfast', 'Free Wi-Fi', 'Free parking', 'Outdoor pool', 'Hot tub', 'Air conditioning', 'Fitness centre', 'Spa']","IDR 1,516,350",Jakarta
Oakwood Suites La Maison Jakarta,5-star hotel,4.6,(145),"['Free Wi-Fi', 'Free parking', 'Outdoor pool', 'Hot tub', 'Air conditioning', 'Fitness centre', 'Restaurant', 'Kitchen in rooms']","IDR 1,824,187",Jakarta
Fraser Residence Menteng Jakarta,5-star hotel,4.6,"(2,240)","['Free breakfast', 'Free Wi-Fi', 'Parking ($)', 'Outdoor pool', 'Hot tub', 'Air conditioning', 'Pet-friendly', 'Fitness centre']","IDR 1,205,253",Jakarta
Fraser Residence Sudirman,5-star hotel,4.6,"(1,506)","['Free breakfast', 'Free Wi-Fi', 'Free parking', 'Outdoor pool', 'Hot tub', 'Air conditioning', 'Fitness centre', 'Spa']","IDR 1,564,444",Jakarta
"The Hermitage, a Tribute Portfolio Hotel, Jakarta",5-star hotel,4.6,"(3,785)","['Breakfast ($)', 'Free Wi-Fi', 'Free parking', 'Outdoor pool', 'Air conditioning', 'Fitness centre', 'Spa', 'Bar']","IDR 3,184,443",Jakarta
Ethan Hotel Cilincing Plaza,5-star hotel,4,(255),"['Free Wi-Fi', 'Free parking', 'Air conditioning', 'Full-service laundry', 'Child-friendly']","IDR 206,167",Jakarta
