Name,Class,Rating,Total Rater,Facility,Price,Area
Zest Hotel Yogyakarta,2-star hotel,4.2,"(3,053)","['Free breakfast', 'Free Wi-Fi', 'Free parking', 'Indoor pool', 'Air conditioning', 'Restaurant', 'Room service', 'Airport shuttle']","IDR 338,602",Jogjakarta
Grand Marto Hotel,2-star hotel,4.3,(264),"['Free breakfast', 'Free Wi-Fi', 'Free parking', 'Air conditioning', 'Pet-friendly', 'Airport shuttle', 'Full-service laundry', 'Child-friendly']","IDR 248,671",Jogjakarta
Nueve Malioboro Hotel Yogyakarta,2-star hotel,4.3,"(1,818)","['Free breakfast', 'Free Wi-Fi', 'Free parking', 'Outdoor pool', 'Air conditioning', 'Restaurant', 'Room service', 'Airport shuttle']","IDR 241,976",Jogjakarta
Top Malioboro Hotel Jogja,2-star hotel,4.1,"(2,124)","['Free breakfast', 'Free Wi-Fi', 'Free parking', 'Air conditioning', 'Restaurant', 'Room service', 'Full-service laundry', 'Child-friendly']","IDR 320,411",Jogjakarta
POP! Hotel Sangaji,2-star hotel,4.2,"(5,349)","['Free breakfast', 'Free Wi-Fi', 'Free parking', 'Air conditioning', 'Restaurant', 'Room service', 'Airport shuttle', 'Full-service laundry']","IDR 259,527",Jogjakarta
Zest Hotel Yogyakarta,2-star hotel,4.2,"(3,053)","['Free breakfast', 'Free Wi-Fi', 'Free parking', 'Indoor pool', 'Air conditioning', 'Restaurant', 'Room service', 'Airport shuttle']","IDR 310,823",Jogjakarta
favehotel Kusumanegara,2-star hotel,4.4,"(6,324)","['Free breakfast', 'Free Wi-Fi', 'Free parking', 'Outdoor pool', 'Air conditioning', 'Restaurant', 'Room service', 'Airport shuttle']","IDR 560,409",Jogjakarta
The Patio Yogya,2-star hotel,4.6,(155),"['Free breakfast', 'Free Wi-Fi', 'Air conditioning', 'Parking', 'Bar', 'Airport shuttle', 'Child-friendly']","IDR 240,000",Jogjakarta
POP! Hotel Malioboro - Yogyakarta,2-star hotel,4.1,"(3,496)","['Free breakfast', 'Free Wi-Fi', 'Free parking', 'Air conditioning', 'Restaurant', 'Room service', 'Full-service laundry', 'Accessible']","IDR 391,459",Jogjakarta
Whiz Hotel Malioboro Yogyakarta,2-star hotel,4.1,"(3,515)","['Breakfast', 'Free Wi-Fi', 'Free parking', 'Air conditioning', 'Restaurant', 'Room service', 'Full-service laundry', 'Child-friendly']","IDR 498,477",Jogjakarta
Sagan Huis Hotel,2-star hotel,4.3,(371),"['Free breakfast', 'Free Wi-Fi', 'Air conditioning', 'Restaurant', 'Full-service laundry', 'Child-friendly']","IDR 242,250",Jogjakarta
Hotel Musafira,2-star hotel,4.3,(948),"['Free breakfast', 'Free Wi-Fi', 'Free parking', 'Air conditioning', 'Restaurant', 'Room service', 'Full-service laundry', 'Child-friendly']","IDR 98,893",Jogjakarta
D'Kayon Hotel,2-star hotel,4.3,"(1,179)","['Breakfast', 'Free Wi-Fi', 'Free parking', 'Air conditioning', 'Restaurant', 'Room service', 'Full-service laundry', 'Child-friendly']","IDR 281,979",Jogjakarta
Amaris Hotel Malioboro Jogja,2-star hotel,4.3,"(4,185)","['Free breakfast', 'Free Wi-Fi', 'Free parking', 'Pool', 'Air conditioning', 'Restaurant', 'Room service', 'Full-service laundry']","IDR 571,908",Jogjakarta
Sagan Heritage Hotel,2-star hotel,4.3,"(1,765)","['Free breakfast', 'Free Wi-Fi', 'Free parking', 'Indoor pool', 'Hot tub', 'Air conditioning', 'Restaurant', 'Room service']","IDR 935,000",Jogjakarta
Woodpecker Pavilion,2-star hotel,3.8,(490),"['Free Wi-Fi', 'Free parking', 'Air conditioning', 'Room service', 'Full-service laundry', 'Child-friendly']","IDR 322,193",Jogjakarta
Malioboro Garden Hotel,2-star hotel,4.2,"(1,863)","['Free breakfast', 'Free Wi-Fi', 'Free parking', 'Air conditioning', 'Restaurant', 'Room service', 'Airport shuttle', 'Full-service laundry']","IDR 216,054",Jogjakarta
Aveon Express by Daphna International,2-star hotel,4.3,"(1,086)","['Breakfast', 'Free Wi-Fi', 'Free parking', 'Air conditioning', 'Restaurant', 'Room service', 'Airport shuttle', 'Full-service laundry']","IDR 273,749",Jogjakarta
Rene Hotel,2-star hotel,4.1,(565),"['Free breakfast', 'Free Wi-Fi', 'Free parking', 'Air conditioning', 'Full-service laundry', 'Child-friendly']","IDR 256,535",Jogjakarta
Matahari Hotel,2-star hotel,4,"(2,518)","['Free breakfast', 'Free Wi-Fi', 'Free parking', 'Outdoor pool', 'Air conditioning', 'Restaurant', 'Room service', 'Full-service laundry']","IDR 298,606",Jogjakarta
Batik Cottage Hotel Yogyakarta,2-star hotel,4.3,"(1,051)","['Free breakfast', 'Free Wi-Fi', 'Free parking', 'Outdoor pool', 'Air conditioning', 'Restaurant', 'Room service', 'Full-service laundry']","IDR 345,969",Jogjakarta
OYO 296 Wijaya Imperial Hotel,2-star hotel,3.9,(391),"['Free breakfast', 'Free Wi-Fi', 'Air conditioning', 'Room service', 'Full-service laundry', 'Child-friendly']","IDR 144,202",Jogjakarta
Tirta Sanita Hotel & Convention,2-star hotel,3.9,(308),"['Free Wi-Fi', 'Free parking', 'Air conditioning', 'Breakfast', 'Child-friendly']","IDR 196,223",Jogjakarta
OYO 206 Hotel Candra Kirana,2-star hotel,4.2,(249),"['Free Wi-Fi', 'Air conditioning', 'Child-friendly']","IDR 168,860",Jogjakarta
Grage Bussines Hotel Yogyakarta,2-star hotel,4.3,"(2,481)","['Free breakfast', 'Free Wi-Fi', 'Free parking', 'Air conditioning', 'Restaurant', 'Room service', 'Airport shuttle', 'Full-service laundry']","IDR 518,953",Jogjakarta
Sans Hotel Ekkon Yogyakarta,2-star hotel,4.1,(678),"['Breakfast', 'Free Wi-Fi', 'Free parking', 'Air conditioning', 'Child-friendly']","IDR 333,946",Jogjakarta
Puri Pangeran Hotel,2-star hotel,4.4,"(1,157)","['Free breakfast', 'Free Wi-Fi', 'Free parking', 'Outdoor pool', 'Air conditioning', 'Spa', 'Restaurant', 'Room service']","IDR 276,735",Jogjakarta
Griya Sentana Hotel,2-star hotel,4.5,(590),"['Free breakfast', 'Free Wi-Fi', 'Free parking', 'Air conditioning', 'Restaurant', 'Room service', 'Full-service laundry', 'Child-friendly']","IDR 421,827",Jogjakarta
Liberta Malioboro,2-star hotel,4.6,(239),"['Breakfast', 'Free Wi-Fi', 'Parking ($)', 'Outdoor pool', 'Air conditioning', 'Bar', 'Restaurant', 'Room service']",0,Jogjakarta
Malioboro Inn Hotel,2-star hotel,4.2,"(1,276)","['Free breakfast', 'Free Wi-Fi', 'Parking', 'Indoor pool', 'Air conditioning', 'Restaurant', 'Room service', 'Full-service laundry']","IDR 375,232",Jogjakarta
SPOT ON 2419 Rumah Nugraha Hotel Syariah,2-star hotel,2.5,(122),['Air conditioning'],"IDR 54,401",Jogjakarta
Summer Quest Hotel,2-star hotel,4.1,(745),"['Free breakfast', 'Free Wi-Fi', 'Free parking', 'Pool', 'Air conditioning', 'Restaurant', 'Room service', 'Full-service laundry']",0,Jogjakarta
Rosalia Indah Hotel,2-star hotel,4.1,(689),"['Free breakfast', 'Free Wi-Fi', 'Free parking', 'Air conditioning', 'Restaurant', 'Room service', 'Full-service laundry', 'Child-friendly']","IDR 334,093",Jogjakarta
OYO 2669 Crown Residence,2-star hotel,3.7,(125),['Air conditioning'],"IDR 91,123",Jogjakarta
OYO 3935 Artha Ambarukmo Exclusive,2-star hotel,4,(46),"['Free Wi-Fi', 'Air conditioning']","IDR 237,647",Jogjakarta
Joglo Manggisan penginapan syariah,2-star hotel,4.7,(353),"['Free Wi-Fi', 'Free parking', 'Pool']",0,Jogjakarta
ZEN Rooms Malioboro Sosrowijayan Wetan,2-star hotel,4.3,(6),"['Free Wi-Fi', 'Air conditioning', 'Pet-friendly', 'Full-service laundry', 'Child-friendly']",0,Jogjakarta
Sekar Ayu Hotel Malioboro RedPartner,2-star hotel,4.2,(357),"['Breakfast', 'Free Wi-Fi', 'Free parking', 'Air conditioning', 'Child-friendly']","IDR 168,933",Jogjakarta
RedDoorz Plus near Stadion Mandala Krida,2-star hotel,4,(438),"['Free breakfast', 'Free Wi-Fi', 'Free parking', 'Air conditioning', 'Child-friendly']","IDR 99,528",Jogjakarta
Indonesia Hotel,2-star hotel,4.2,(853),"['Free parking', 'Room service', 'Full-service laundry', 'Child-friendly']",0,Jogjakarta
OYO 1238 Hotel Perdana,2-star hotel,3.8,(309),"['Free Wi-Fi', 'Air conditioning', 'Child-friendly']",0,Jogjakarta
Teratai Guesthouse Yogyakarta RedPartner,2-star hotel,4.1,(28),['Air conditioning'],"IDR 160,000",Jogjakarta
Hotel Serena,2-star hotel,3.8,(289),"['Free Wi-Fi', 'Parking', 'Child-friendly']",0,Jogjakarta
OYO 3280 Cendhani Raras,2-star hotel,4.9,(61),['Free Wi-Fi'],"IDR 215,118",Jogjakarta
Hotel Bifa Yogyakarta,2-star hotel,4,(525),"['Free breakfast', 'Free Wi-Fi', 'Free parking', 'Air conditioning', 'Restaurant', 'Room service', 'Full-service laundry', 'Child-friendly']",0,Jogjakarta
OYO 3778 Hotel Wisnugraha Syariah,2-star hotel,4,(249),"['Free breakfast', 'Free Wi-Fi', 'Parking', 'Air conditioning', 'Child-friendly']",0,Jogjakarta
Hotel Wisma Ananda,2-star hotel,4.2,(381),"['Free Wi-Fi', 'Free parking', 'Outdoor pool', 'Air conditioning', 'Child-friendly']","IDR 177,061",Jogjakarta
OYO 2469 Cashlez Homestay,2-star hotel,4.6,(72),"['Free Wi-Fi', 'Air conditioning']","IDR 206,202",Jogjakarta
OYO 3083 D Kost Iii Syariah,2-star hotel,4,(90),['Air conditioning'],"IDR 96,686",Jogjakarta
Omah Lawas Homestay,2-star hotel,4.5,(106),"['Free breakfast', 'Free Wi-Fi', 'Free parking', 'Air conditioning', 'Full-service laundry', 'Child-friendly']",0,Jogjakarta
RedDoorz near UGM 3,2-star hotel,4.2,(231),"['Free Wi-Fi', 'Air conditioning']","IDR 96,396",Jogjakarta
Home Stay H.D.,2-star hotel,4.1,(50),"['Free Wi-Fi', 'Restaurant', 'Child-friendly']",0,Jogjakarta
OYO 690 The 1061 Hom Syariah,2-star hotel,4.3,(61),"['Free Wi-Fi', 'Free parking', 'Air conditioning', 'Full-service laundry', 'Child-friendly']",0,Jogjakarta
SPOT ON 2107 Ijo Pupus Syariah Residence,2-star hotel,4.5,(65),"['Free Wi-Fi', 'Air conditioning']","IDR 93,600",Jogjakarta
OYO 201 Emdi House Timoho,2-star hotel,4.1,(186),"['Free Wi-Fi', 'Free parking', 'Air conditioning', 'Kitchen in some rooms', 'Child-friendly']",0,Jogjakarta
Merbabu Hotel,2-star hotel,3.9,(416),"['Breakfast', 'Free Wi-Fi', 'Full-service laundry', 'Child-friendly']",0,Jogjakarta
OYO 634 Elga Sastro Inn Syariah,2-star hotel,4.4,(216),"['Free Wi-Fi', 'Free parking', 'Air conditioning', 'Child-friendly']","IDR 181,126",Jogjakarta
The Patio Yogya,2-star hotel,4.6,(155),"['Free breakfast', 'Free Wi-Fi', 'Air conditioning', 'Parking', 'Bar', 'Airport shuttle', 'Child-friendly']","IDR 240,000",Jogjakarta
AMAYA SUITES,2-star hotel,4,(569),"['Free Wi-Fi', 'Free parking', 'Air conditioning', 'Restaurant', 'Child-friendly']","IDR 266,039",Jogjakarta
OYO 572 Omah Gedongkuning Syariah Homestay,2-star hotel,4.4,(129),"['Free Wi-Fi', 'Air conditioning', 'Child-friendly']","IDR 84,686",Jogjakarta
Happy Family Hotel /dekat Malioboro Yogya/Diy.,2-star hotel,4.1,(283),"['Free breakfast', 'Free Wi-Fi', 'Free parking', 'Air conditioning', 'Child-friendly']","IDR 600,000",Jogjakarta
Hotel Winotosastro,2-star hotel,4.1,(408),"['Breakfast', 'Free Wi-Fi', 'Free parking', 'Air conditioning', 'Full-service laundry', 'Child-friendly']","IDR 133,270",Jogjakarta
Happy Family Hotel /dekat Malioboro Yogya/Diy.,2-star hotel,4.1,(283),"['Free breakfast', 'Free Wi-Fi', 'Free parking', 'Air conditioning', 'Child-friendly']","IDR 600,000",Jogjakarta
Tan Jokteng Garden Guesthouse,2-star hotel,4.4,(59),['Free Wi-Fi'],"IDR 98,344",Jogjakarta
Airlangga Hotel Prawirotaman,2-star hotel,4.1,(627),"['Breakfast ($)', 'Free Wi-Fi', 'Free parking', 'Outdoor pool', 'Air conditioning', 'Restaurant', 'Room service', 'Child-friendly']","IDR 253,151",Jogjakarta
Hotel Orlen Yogyakarta,2-star hotel,4.2,(57),"['Free Wi-Fi', 'Restaurant', 'Airport shuttle']","IDR 311,850",Jogjakarta
Grand Marto Hotel,2-star hotel,4.3,(264),"['Free breakfast', 'Free Wi-Fi', 'Free parking', 'Air conditioning', 'Pet-friendly', 'Airport shuttle', 'Full-service laundry', 'Child-friendly']","IDR 244,801",Jogjakarta
OYO 2627 Ratamya Co-living,2-star hotel,4.3,(128),"['Free Wi-Fi', 'Air conditioning']","IDR 223,168",Jogjakarta
Nextdoor Homestay,2-star hotel,4.6,(325),"['Free breakfast', 'Free Wi-Fi', 'Free parking', 'Outdoor pool', 'Air conditioning', 'Airport shuttle', 'Full-service laundry', 'Child-friendly']","IDR 452,880",Jogjakarta
Hotel Grha Somaya,2-star hotel,4.1,(385),"['Free breakfast', 'Free Wi-Fi', 'Parking', 'Outdoor pool', 'Air conditioning', 'Room service', 'Full-service laundry', 'Child-friendly']","IDR 220,037",Jogjakarta
Aliya Homestay,2-star hotel,4.3,(180),"['Free Wi-Fi', 'Free parking', 'Air conditioning', 'Child-friendly']","IDR 160,057",Jogjakarta
OGH Doni Hotel,2-star hotel,2.7,(598),"['Free breakfast', 'Free Wi-Fi', 'Free parking', 'Air conditioning', 'Restaurant', 'Room service', 'Full-service laundry']","IDR 173,555",Jogjakarta
House of Moedjito,2-star hotel,4.5,(168),"['Free breakfast', 'Free Wi-Fi', 'Free parking', 'Air conditioning', 'Full-service laundry', 'Child-friendly']","IDR 483,367",Jogjakarta
Kampung Lawasan Heritage Cottage,2-star hotel,4.6,(594),"['Free breakfast', 'Free Wi-Fi', 'Free parking', 'Outdoor pool', 'Air conditioning', 'Restaurant', 'Room service', 'Airport shuttle']","IDR 511,639",Jogjakarta
Hotel Kristina,2-star hotel,4.1,(366),"['Breakfast', 'Free Wi-Fi', 'Air conditioning', 'Full-service laundry', 'Child-friendly']","IDR 681,264",Jogjakarta
Kampung Lawasan Heritage Cottage,2-star hotel,4.6,(594),"['Free breakfast', 'Free Wi-Fi', 'Free parking', 'Outdoor pool', 'Air conditioning', 'Restaurant', 'Room service', 'Airport shuttle']","IDR 511,639",Jogjakarta
Maranatha Grand Hotel Malioboro,2-star hotel,4.2,(460),"['Free breakfast', 'Free Wi-Fi', 'Free parking', 'Air conditioning', 'Restaurant', 'Room service', 'Airport shuttle', 'Full-service laundry']","IDR 365,513",Jogjakarta
Hotel Cristalit,2-star hotel,3.8,(230),"['Free breakfast', 'Wi-Fi', 'Pool', 'Air conditioning', 'Child-friendly']","IDR 178,831",Jogjakarta
Harmony Inn,2-star hotel,4.4,(266),"['Free breakfast', 'Outdoor pool', 'Restaurant', 'Room service', 'Full-service laundry', 'Child-friendly']",0,Jogjakarta
The Packer Lodge,2-star hotel,4.5,(636),"['Free breakfast', 'Free Wi-Fi', 'Air conditioning', 'Child-friendly']","IDR 237,177",Jogjakarta
nDalem Eyang Dwijo,2-star hotel,4.5,(219),"['Free Wi-Fi', 'Free parking', 'Air conditioning', 'Child-friendly']","IDR 180,000",Jogjakarta
Red Doorz Near Plaza Ambarukmo,2-star hotel,3.8,(224),"['Free Wi-Fi', 'Air conditioning', 'Child-friendly']","IDR 190,821",Jogjakarta
Bintang Agung Hotel,2-star hotel,4.1,(227),"['Free Wi-Fi', 'Free parking', 'Air conditioning', 'Child-friendly']","IDR 177,211",Jogjakarta
Hotel Dana,2-star hotel,4,(415),"['Breakfast', 'Free Wi-Fi', 'Free parking', 'Air conditioning', 'Child-friendly']","IDR 111,914",Jogjakarta
Wakeup Homestay,2-star hotel,4.4,(534),"['Free breakfast', 'Free Wi-Fi', 'Air conditioning', 'Restaurant']",0,Jogjakarta
Fortuna Jogja Guest House & RENTAL,2-star hotel,3.9,(71),"['Free breakfast', 'Free parking', 'Air conditioning', 'Wi-Fi', 'Airport shuttle', 'Child-friendly']","IDR 140,000",Jogjakarta
Hotel Safara Yogyakarta,2-star hotel,4.3,(306),"['Breakfast', 'Free Wi-Fi', 'Free parking', 'Air conditioning', 'Airport shuttle', 'Accessible', 'Child-friendly']","IDR 170,316",Jogjakarta
Tjiptorini Jaya Hotel,2-star hotel,4.2,(355),"['Breakfast', 'Free Wi-Fi', 'Free parking', 'Air conditioning', 'Full-service laundry', 'Child-friendly']","IDR 176,444",Jogjakarta
Rumah Roso Homestay,2-star hotel,4.5,(766),"['Free breakfast', 'Free Wi-Fi', 'Free parking', 'Air conditioning', 'Pet-friendly', 'Bar', 'Restaurant', 'Kitchen in some rooms']","IDR 169,903",Jogjakarta
Putra Jaya Hotel,2-star hotel,4,(352),"['Free breakfast', 'Free Wi-Fi', 'Parking', 'Outdoor pool', 'Full-service laundry', 'Child-friendly']",0,Jogjakarta
Hotel Cinka Garini,2-star hotel,4.2,(469),"['Free Wi-Fi', 'Free parking', 'Air conditioning', 'Full-service laundry', 'Child-friendly']",0,Jogjakarta
OYO 3864 Babaran 71,2-star hotel,4.5,(251),"['Free Wi-Fi', 'Free parking', 'Air conditioning', 'Child-friendly', 'Smoke-free property']","IDR 196,875",Jogjakarta
Pondok Parador,2-star hotel,4.8,(40),"['Free Wi-Fi', 'Free parking']","IDR 332,500",Jogjakarta
Delta Hotel,2-star hotel,4.2,(253),"['Free Wi-Fi', 'Free parking', 'Air conditioning', 'Full-service laundry', 'Child-friendly']",0,Jogjakarta
Soeka Jogja / RedDoorz Near Gejayan 3,2-star hotel,4.8,(55),"['Free Wi-Fi', 'Free parking']","IDR 276,645",Jogjakarta
Limasan514 by Zulkia Management,2-star hotel,4.4,(77),"['Free Wi-Fi', 'Air conditioning', 'Full-service laundry', 'Child-friendly']",0,Jogjakarta
OYO 939 Rumah Teteh Syariah Kledokan,2-star hotel,4.8,(54),"['Free Wi-Fi', 'Free parking', 'Air conditioning', 'Child-friendly']",0,Jogjakarta
Arjuna Homestay & Garden Resto,2-star hotel,4.4,(166),"['Breakfast', 'Free Wi-Fi', 'Free parking', 'Outdoor pool', 'Full-service laundry', 'Child-friendly']","IDR 300,000",Jogjakarta
Ngampilan Backpacker Hostel,2-star hotel,4.6,(150),"['Free Wi-Fi', 'Parking ($)', 'Air conditioning', 'Breakfast', 'Room service', 'Child-friendly']","IDR 171,000",Jogjakarta
Pawon Cokelat,2-star hotel,4.3,(420),"['Free breakfast', 'Free Wi-Fi', 'Air conditioning', 'Child-friendly']",0,Jogjakarta
nDalem Sardan Guesthouse,2-star hotel,4.8,(64),"['Free Wi-Fi', 'Free parking']",0,Jogjakarta
OYO 398 Hotel Family Syariah 2,2-star hotel,4.3,(394),"['Free Wi-Fi', 'Free parking', 'Air conditioning', 'Child-friendly']","IDR 162,607",Jogjakarta
RedDoorz @ Sagan Jogja 2,2-star hotel,4,(206),"['Free Wi-Fi', 'Free parking', 'Air conditioning', 'Child-friendly']","IDR 84,346",Jogjakarta
Ndalem Sarengat,2-star hotel,4.7,(128),"['Free breakfast', 'Free Wi-Fi', 'Air conditioning', 'Airport shuttle', 'Full-service laundry', 'Child-friendly']",0,Jogjakarta
Oriana Homestay,2-star hotel,4.3,(29),"['Free Wi-Fi', 'Free parking', 'Child-friendly']","IDR 123,921",Jogjakarta
RedDoorz near Lippo Mall Yogyakarta,2-star hotel,4.2,(34),"['Free Wi-Fi', 'Air conditioning', 'Room service']","IDR 194,787",Jogjakarta
Sakura Hotel,2-star hotel,4.2,(162),"['Breakfast', 'Free Wi-Fi', 'Free parking', 'Air conditioning', 'Full-service laundry']",0,Jogjakarta
Griya Yunika,2-star hotel,4.4,(203),"['Free breakfast', 'Free Wi-Fi', 'Free parking', 'Outdoor pool', 'Air conditioning', 'Airport shuttle', 'Full-service laundry', 'Child-friendly']",0,Jogjakarta
Hotel Sumaryo,2-star hotel,4.4,(241),"['Free Wi-Fi', 'Free parking', 'Outdoor pool', 'Air conditioning', 'Breakfast', 'Room service', 'Child-friendly']",0,Jogjakarta
Hotel Perwita Sari,2-star hotel,4.1,(388),"['Free breakfast', 'Free Wi-Fi', 'Free parking', 'Outdoor pool', 'Air conditioning', 'Full-service laundry', 'Child-friendly']",0,Jogjakarta
New Hotel Lilik,2-star hotel,3.7,(630),"['Free breakfast', 'Free Wi-Fi', 'Free parking', 'Air conditioning', 'Restaurant', 'Room service', 'Airport shuttle', 'Full-service laundry']","IDR 353,544",Jogjakarta
Hotel Indrakila,2-star hotel,4.2,(456),"['Free Wi-Fi', 'Free parking', 'Air conditioning', 'Full-service laundry', 'Child-friendly']",0,Jogjakarta
Panca Dewi Guest House,2-star hotel,4.3,(28),"['Free Wi-Fi', 'Child-friendly']","IDR 237,500",Jogjakarta
Monica Hotel Yogyakarta,2-star hotel,4.1,(319),"['Free breakfast', 'Free Wi-Fi', 'Air conditioning', 'Child-friendly']",0,Jogjakarta
Ndalem Mantrijeron Hotel,2-star hotel,4.4,(321),"['Free Wi-Fi', 'Free parking', 'Air conditioning', 'Child-friendly']",0,Jogjakarta
Ndalem Diajeng Homestay,2-star hotel,4.5,(259),"['Free breakfast', 'Free Wi-Fi', 'Free parking', 'Air conditioning', 'Full-service laundry', 'Child-friendly']","IDR 112,792",Jogjakarta
Airy Mergangsan Taman Siswa 91 Yogyakarta,2-star hotel,4.3,(63),"['Free Wi-Fi', 'Free parking', 'Air conditioning', 'Child-friendly', 'Smoke-free property']",0,Jogjakarta
Al Maidah Hotel,2-star hotel,4.2,(128),"['Free Wi-Fi', 'Full-service laundry', 'Child-friendly']",0,Jogjakarta
RedDoorz near Station Tugu Jogja,2-star hotel,4,(40),"['Free Wi-Fi', 'Free parking', 'Air conditioning']",0,Jogjakarta
ZEN Rooms Pogung Syariah,2-star hotel,4.5,(12),"['Pet-friendly', 'Child-friendly']",0,Jogjakarta
Tiga Dua Homestay,2-star hotel,4.6,(135),"['Free breakfast', 'Free Wi-Fi', 'Free parking', 'Air conditioning', 'Full-service laundry', 'Child-friendly']","IDR 86,659",Jogjakarta
Penginapan Prima Syariah,2-star hotel,4.3,(148),"['Breakfast ($)', 'Free Wi-Fi', 'Parking']","IDR 94,999",Jogjakarta
Hotel Merapi,2-star hotel,4.1,(67),"['Free breakfast', 'Free Wi-Fi', 'Air conditioning', 'Child-friendly']",0,Jogjakarta
Rami Homestay,2-star hotel,4.3,(53),"['Free Wi-Fi', 'Full-service laundry', 'Child-friendly']","IDR 249,881",Jogjakarta
Hotel Suryaputri,2-star hotel,4.3,(477),"['Free Wi-Fi', 'Free parking', 'Air conditioning', 'Child-friendly']",0,Jogjakarta
Ndalem Suryo Saptono Guest House,2-star hotel,4.6,(158),"['Free breakfast', 'Free Wi-Fi', 'Free parking', 'Air conditioning', 'Full-service laundry', 'Child-friendly']",0,Jogjakarta
Barbados Homestay,2-star hotel,4.5,(32),"['Free Wi-Fi', 'Air conditioning', 'Child-friendly']",0,Jogjakarta
ZEN Rooms Pakualaman,2-star hotel,3.3,(3),['Child-friendly'],0,Jogjakarta
Pusaka Hotel,2-star hotel,3.9,(153),"['Free Wi-Fi', 'Child-friendly']",0,Jogjakarta
WIDITYA INN HOTEL,2-star hotel,4.4,(109),"['Breakfast', 'Air conditioning', 'Airport shuttle', 'Child-friendly']",0,Jogjakarta
HOTEL SENO,2-star hotel,4.1,(216),"['Free breakfast', 'Free Wi-Fi', 'Air conditioning', 'Room service', 'Child-friendly']",0,Jogjakarta
Airy Carturtunggal Laksda Adisucipto 6 Yogyakarta,2-star hotel,4.3,(4),['Child-friendly'],0,Jogjakarta
Hotel Supra Jaya,2-star hotel,4,(80),"['Free parking', 'Air conditioning', 'Wi-Fi', 'Full-service laundry', 'Child-friendly']",0,Jogjakarta
Hotel Kayu Manis,2-star hotel,3.9,(138),"['Free Wi-Fi', 'Child-friendly']",0,Jogjakarta
POP! Hotel Timoho - Yogyakarta,3-star hotel,4.3,"(3,087)","['Free breakfast', 'Free Wi-Fi', 'Free parking', 'Air conditioning', 'Restaurant', 'Room service', 'Full-service laundry', 'Accessible']","IDR 285,488",Jogjakarta
De Hostel,3-star hotel,4.5,(123),"['Free breakfast', 'Free Wi-Fi', 'Air conditioning', 'Airport shuttle', 'Child-friendly']","IDR 264,967",Jogjakarta
Duta Guest House,3-star hotel,4.3,(400),"['Free breakfast', 'Free Wi-Fi', 'Free parking', 'Outdoor pool', 'Air conditioning', 'Fitness centre', 'Restaurant', 'Room service']","IDR 317,793",Jogjakarta
Grand Malioboro Yogyakarta,3-star hotel,4.3,"(1,970)","['Breakfast ($)', 'Free Wi-Fi', 'Free parking', 'Air conditioning', 'Restaurant', 'Room service', 'Full-service laundry', 'Child-friendly']","IDR 1,098,625",Jogjakarta
The Victoria Hotel Yogyakarta,3-star hotel,4.4,"(2,948)","['Breakfast', 'Free Wi-Fi', 'Free parking', 'Outdoor pool', 'Air conditioning', 'Restaurant', 'Room service', 'Full-service laundry']","IDR 422,681",Jogjakarta
Prime Cailendra Hotel RedPartner near Malioboro Yogyakarta,3-star hotel,4.4,(177),"['Free Wi-Fi', 'Free parking', 'Air conditioning', 'Breakfast', 'Room service', 'Child-friendly', 'Smoke-free property']","IDR 316,071",Jogjakarta
The Cube Hotel Prawirotaman,3-star hotel,4.2,"(2,439)","['Free breakfast', 'Free Wi-Fi', 'Free parking', 'Outdoor pool', 'Air conditioning', 'Restaurant', 'Room service', 'Airport shuttle']","IDR 404,730",Jogjakarta
Yellow Star Hotel - Ambarrukmo,3-star hotel,4.3,"(2,893)","['Breakfast ($)', 'Free Wi-Fi', 'Free parking', 'Spa', 'Restaurant', 'Room service', 'Full-service laundry', 'Accessible']","IDR 476,946",Jogjakarta
All Nite & Day Hotel Gejayan Yogyakarta,3-star hotel,4.1,"(3,157)","['Breakfast', 'Free Wi-Fi', 'Free parking', 'Outdoor pool', 'Air conditioning', 'Restaurant', 'Room service', 'Kitchen in rooms']","IDR 325,584",Jogjakarta
Tjokro Style Yogyakarta,3-star hotel,4.4,"(3,754)","['Breakfast', 'Free Wi-Fi', 'Free parking', 'Outdoor pool', 'Hot tub', 'Air conditioning', 'Spa', 'Bar']","IDR 313,288",Jogjakarta
Hotel Citradream Yogyakarta,3-star hotel,4.3,"(2,766)","['Free breakfast', 'Free Wi-Fi', 'Free parking', 'Air conditioning', 'Restaurant', 'Room service', 'Full-service laundry', 'Accessible']","IDR 283,331",Jogjakarta
Indies HERITAGE Hotel,3-star hotel,4.3,"(2,137)","['Free breakfast', 'Free Wi-Fi', 'Free parking', 'Outdoor pool', 'Air conditioning', 'Spa', 'Restaurant', 'Room service']","IDR 446,963",Jogjakarta
POP! Hotel Timoho - Yogyakarta,3-star hotel,4.3,"(3,087)","['Free breakfast', 'Free Wi-Fi', 'Free parking', 'Air conditioning', 'Restaurant', 'Room service', 'Full-service laundry', 'Accessible']","IDR 274,859",Jogjakarta
Eclipse Hotel,3-star hotel,4.3,(309),"['Free breakfast', 'Free Wi-Fi', 'Free parking', 'Outdoor pool', 'Pet-friendly', 'Restaurant', 'Room service', 'Full-service laundry']","IDR 277,380",Jogjakarta
Tjokro Style Yogyakarta,3-star hotel,4.4,"(3,754)","['Breakfast', 'Free Wi-Fi', 'Free parking', 'Outdoor pool', 'Hot tub', 'Air conditioning', 'Spa', 'Bar']","IDR 313,288",Jogjakarta
Ndalem Mantrigawen,3-star hotel,4.3,(276),"['Free Wi-Fi', 'Free parking', 'Pet-friendly', 'Airport shuttle', 'Full-service laundry']","IDR 150,591",Jogjakarta
Tembok Batu Residence,3-star hotel,4.1,"(2,024)","['Free Wi-Fi', 'Free parking', 'Air conditioning', 'Restaurant', 'Room service', 'Full-service laundry', 'Accessible', 'Child-friendly']","IDR 176,830",Jogjakarta
Prima In Hotel,3-star hotel,4.3,"(2,612)","['Breakfast', 'Free Wi-Fi', 'Free parking', 'Outdoor pool', 'Air conditioning', 'Spa', 'Restaurant', 'Room service']","IDR 347,221",Jogjakarta
Kalya Hotel,3-star hotel,4.3,"(2,472)","['Free breakfast', 'Free Wi-Fi', 'Free parking', 'Outdoor pool', 'Air conditioning', 'Restaurant', 'Room service', 'Full-service laundry']","IDR 322,728",Jogjakarta
Tasneem Hotel and Convention Yogyakarta,3-star hotel,4.3,"(2,143)","['Free breakfast', 'Free Wi-Fi', 'Parking ($)', 'Air conditioning', 'Restaurant', 'Room service', 'Full-service laundry', 'Accessible']","IDR 222,509",Jogjakarta
De Laxston Hotel,3-star hotel,4.3,"(2,283)","['Breakfast', 'Free Wi-Fi', 'Free parking', 'Indoor pool', 'Air conditioning', 'Restaurant', 'Room service', 'Airport shuttle']","IDR 292,963",Jogjakarta
The Grand Palace Hotel,3-star hotel,4.2,"(2,198)","['Free breakfast', 'Free Wi-Fi', 'Free parking', 'Outdoor pool', 'Air conditioning', 'Spa', 'Restaurant', 'Room service']","IDR 241,052",Jogjakarta
Hotel Galuh Anindita,3-star hotel,4.3,(426),"['Free breakfast', 'Free Wi-Fi', 'Free parking', 'Air conditioning', 'Room service', 'Full-service laundry', 'Child-friendly']","IDR 200,000",Jogjakarta
Hotel Laxston Jl. Magelang,3-star hotel,4.2,"(1,603)","['Free Wi-Fi', 'Free parking', 'Air conditioning', 'Restaurant', 'Room service', 'Airport shuttle', 'Full-service laundry', 'Child-friendly']","IDR 240,564",Jogjakarta
favehotel Malioboro Yogyakarta,3-star hotel,4.5,"(4,238)","['Free breakfast', 'Free Wi-Fi', 'Free parking', 'Air conditioning', 'Restaurant', 'Room service', 'Airport shuttle', 'Full-service laundry']","IDR 343,833",Jogjakarta
Atrium Premiere Hotel Jogja,3-star hotel,4.3,"(1,931)","['Breakfast', 'Free Wi-Fi', 'Free parking', 'Air conditioning', 'Restaurant', 'Room service', 'Airport shuttle', 'Full-service laundry']","IDR 371,260",Jogjakarta
ibis Styles Yogyakarta,3-star hotel,4.4,"(5,494)","['Breakfast', 'Free Wi-Fi', 'Free parking', 'Outdoor pool', 'Air conditioning', 'Spa', 'Bar', 'Restaurant']","IDR 711,000",Jogjakarta
Uniq Hotel Yogyakarta,3-star hotel,4.3,"(1,215)","['Breakfast ($)', 'Free Wi-Fi', 'Free parking', 'Air conditioning', 'Spa', 'Bar', 'Restaurant', 'Room service']","IDR 306,918",Jogjakarta
Hotel Citradream Yogyakarta,3-star hotel,4.3,"(2,765)","['Free breakfast', 'Free Wi-Fi', 'Free parking', 'Air conditioning', 'Restaurant', 'Room service', 'Full-service laundry', 'Accessible']","IDR 283,331",Jogjakarta
Metro Malioboro Living House,3-star hotel,4.4,(580),"['Free breakfast', 'Free Wi-Fi', 'Free parking', 'Air conditioning', 'Airport shuttle', 'Child-friendly']","IDR 191,784",Jogjakarta
favehotel Malioboro Yogyakarta,3-star hotel,4.5,"(4,238)","['Free breakfast', 'Free Wi-Fi', 'Free parking', 'Air conditioning', 'Restaurant', 'Room service', 'Airport shuttle', 'Full-service laundry']","IDR 343,833",Jogjakarta
Burza Hotel Yogyakarta,3-star hotel,4.4,"(3,457)","['Free breakfast', 'Free Wi-Fi', 'Free parking', 'Outdoor pool', 'Air conditioning', 'Restaurant', 'Room service', 'Airport shuttle']","IDR 392,785",Jogjakarta
Lynn Hotel By Horison,3-star hotel,4.3,"(3,042)","['Breakfast', 'Free Wi-Fi', 'Free parking', 'Outdoor pool', 'Air conditioning', 'Restaurant', 'Room service', 'Full-service laundry']","IDR 439,906",Jogjakarta
Hotel NEO Malioboro,3-star hotel,4.5,"(9,048)","['Breakfast', 'Free Wi-Fi', 'Free parking', 'Outdoor pool', 'Air conditioning', 'Spa', 'Restaurant', 'Room service']","IDR 627,283",Jogjakarta
Adhisthana Hotel,3-star hotel,4.5,"(2,163)","['Free breakfast', 'Free Wi-Fi', 'Free parking', 'Outdoor pool', 'Air conditioning', 'Restaurant', 'Room service', 'Airport shuttle']","IDR 467,397",Jogjakarta
Hotel Diana Jogja,3-star hotel,4.4,(627),"['Breakfast ($)', 'Free Wi-Fi', 'Free parking', 'Outdoor pool', 'Hot tub', 'Air conditioning', 'Restaurant', 'Room service']","IDR 288,410",Jogjakarta
ibis Styles Yogyakarta,3-star hotel,4.4,"(5,494)","['Breakfast', 'Free Wi-Fi', 'Free parking', 'Outdoor pool', 'Air conditioning', 'Spa', 'Bar', 'Restaurant']","IDR 711,000",Jogjakarta
Dusun Jogja Village Inn,3-star hotel,4.6,(824),"['Free breakfast', 'Free Wi-Fi', 'Free parking', 'Outdoor pool', 'Hot tub', 'Air conditioning', 'Spa', 'Restaurant']","IDR 394,680",Jogjakarta
KHAS Tugu Hotel Yogyakarta,3-star hotel,4.5,"(3,978)","['Free breakfast', 'Free Wi-Fi', 'Free parking', 'Pool', 'Air conditioning', 'Restaurant', 'Room service', 'Full-service laundry']","IDR 492,680",Jogjakarta
Atrium Premiere Hotel Jogja,3-star hotel,4.3,"(1,931)","['Breakfast', 'Free Wi-Fi', 'Free parking', 'Air conditioning', 'Restaurant', 'Room service', 'Airport shuttle', 'Full-service laundry']","IDR 371,260",Jogjakarta
Hotel Ibis Laksda Adisucipto,3-star hotel,4.5,"(1,866)","['Breakfast', 'Free Wi-Fi', 'Free parking', 'Outdoor pool', 'Air conditioning', 'Fitness centre', 'Spa', 'Restaurant']","IDR 423,404",Jogjakarta
ibis Yogyakarta Malioboro,3-star hotel,4.5,"(6,073)","['Breakfast', 'Free Wi-Fi', 'Free parking', 'Outdoor pool', 'Air conditioning', 'Spa', 'Bar', 'Restaurant']","IDR 604,777",Jogjakarta
OstiC House,3-star hotel,4.7,(541),"['Free breakfast', 'Free Wi-Fi', 'Air conditioning', 'Kitchen in rooms', 'Full-service laundry', 'Child-friendly']","IDR 250,783",Jogjakarta
OYO 348 Hotel Dieng Permai,3-star hotel,3.6,(411),"['Breakfast', 'Free Wi-Fi', 'Free parking', 'Air conditioning', 'Child-friendly']","IDR 112,520",Jogjakarta
Grand Serela Yogyakarta,3-star hotel,4.3,"(3,373)","['Breakfast', 'Free Wi-Fi', 'Free parking', 'Air conditioning', 'Spa', 'Restaurant', 'Room service', 'Airport shuttle']","IDR 440,001",Jogjakarta
Adya Nalendra Boutique Hotel,3-star hotel,4.3,(523),"['Free breakfast', 'Free Wi-Fi', 'Air conditioning', 'Restaurant', 'Room service', 'Child-friendly', 'Smoke-free property']","IDR 151,656",Jogjakarta
Paku Mas Hotel,3-star hotel,4.5,"(1,741)","['Free breakfast', 'Free Wi-Fi', 'Free parking', 'Outdoor pool', 'Air conditioning', 'Restaurant', 'Room service', 'Full-service laundry']","IDR 481,509",Jogjakarta
Front One Cabin Malioboro Jogja,3-star hotel,4.6,(504),"['Free Wi-Fi', 'Air conditioning', 'Child-friendly']","IDR 291,275",Jogjakarta
Java Villas Boutique Hotel & Resto,3-star hotel,4.6,(509),"['Free breakfast', 'Free Wi-Fi', 'Free parking', 'Outdoor pool', 'Air conditioning', 'Restaurant', 'Room service', 'Full-service laundry']","IDR 802,400",Jogjakarta
Puri Artha Hotel,3-star hotel,4.3,"(1,472)","['Free breakfast', 'Free Wi-Fi', 'Free parking', 'Outdoor pool', 'Air conditioning', 'Spa', 'Restaurant', 'Room service']","IDR 357,599",Jogjakarta
Yats Colony,3-star hotel,4.6,"(2,955)","['Free breakfast', 'Free Wi-Fi', 'Free parking', 'Outdoor pool', 'Air conditioning', 'Restaurant', 'Room service', 'Full-service laundry']","IDR 675,000",Jogjakarta
Tickle Hotel,3-star hotel,4.2,"(1,773)","['Free breakfast', 'Free Wi-Fi', 'Free parking', 'Air conditioning', 'Restaurant', 'Room service', 'Accessible', 'Child-friendly']","IDR 345,933",Jogjakarta
Malioboro Prime Hotel Yogyakarta,3-star hotel,4.2,"(1,840)","['Free breakfast', 'Free Wi-Fi', 'Air conditioning', 'Restaurant', 'Room service', 'Full-service laundry', 'Accessible', 'Child-friendly']","IDR 650,000",Jogjakarta
Ayaartta Hotel Malioboro,3-star hotel,4.4,"(2,578)","['Breakfast', 'Free Wi-Fi', 'Free parking', 'Outdoor pool', 'Air conditioning', 'Spa', 'Restaurant', 'Room service']","IDR 959,736",Jogjakarta
Pandanaran Prawirotaman Yogyakarta,3-star hotel,4.3,"(2,870)","['Breakfast', 'Free Wi-Fi', 'Free parking', 'Outdoor pool', 'Air conditioning', 'Spa', 'Bar', 'Restaurant']","IDR 303,963",Jogjakarta
Kotta GO Hotel Yogyakarta,3-star hotel,4.7,(395),"['Free breakfast', 'Free Wi-Fi', 'Free parking', 'Hot tub', 'Air conditioning', 'Spa', 'Bar', 'Restaurant']","IDR 587,590",Jogjakarta
The Victoria Hotel Yogyakarta,3-star hotel,4.4,"(2,948)","['Breakfast', 'Free Wi-Fi', 'Free parking', 'Outdoor pool', 'Air conditioning', 'Restaurant', 'Room service', 'Full-service laundry']","IDR 469,776",Jogjakarta
favehotel Malioboro Yogyakarta,3-star hotel,4.5,"(4,237)","['Free breakfast', 'Free Wi-Fi', 'Free parking', 'Air conditioning', 'Restaurant', 'Room service', 'Airport shuttle', 'Full-service laundry']","IDR 404,241",Jogjakarta
D'Senopati Malioboro Grand Hotel,3-star hotel,4.4,"(3,035)","['Free breakfast', 'Free Wi-Fi', 'Free parking', 'Outdoor pool', 'Restaurant', 'Room service', 'Airport shuttle', 'Full-service laundry']","IDR 467,220",Jogjakarta
Hotel Grand Rosela,3-star hotel,4.1,"(1,084)","['Free breakfast', 'Free Wi-Fi', 'Free parking', 'Outdoor pool', 'Air conditioning', 'Restaurant', 'Room service', 'Airport shuttle']","IDR 375,000",Jogjakarta
Hotel Novatel,3-star hotel,3.9,(471),"['Free Wi-Fi', 'Free parking', 'Air conditioning', 'Airport shuttle', 'Full-service laundry', 'Child-friendly']","IDR 359,556",Jogjakarta
Sky Hotel Hayam Wuruk,3-star hotel,4,(796),"['Free Wi-Fi', 'Free parking', 'Air conditioning', 'Child-friendly']","IDR 220,447",Jogjakarta
Hotel Indah Palace Yogyakarta,3-star hotel,4.3,(952),"['Free breakfast', 'Free Wi-Fi', 'Free parking', 'Outdoor pool', 'Air conditioning', 'Restaurant', 'Room service', 'Full-service laundry']","IDR 406,126",Jogjakarta
Hotel Mawar Asri,3-star hotel,4.2,(928),"['Breakfast', 'Free Wi-Fi', 'Free parking', 'Air conditioning', 'Restaurant', 'Room service', 'Airport shuttle', 'Full-service laundry']","IDR 494,745",Jogjakarta
h-Boutique Hotel Jogjakarta,3-star hotel,4.3,"(2,573)","['Breakfast', 'Free Wi-Fi', 'Free parking', 'Air conditioning', 'Restaurant', 'Room service', 'Airport shuttle', 'Full-service laundry']","IDR 498,025",Jogjakarta
Cordela Kartika Dewi Hotel,3-star hotel,4.4,"(3,393)","['Free breakfast', 'Free Wi-Fi', 'Free parking', 'Air conditioning', 'Bar', 'Restaurant', 'Room service', 'Full-service laundry']","IDR 374,890",Jogjakarta
Puri Chorus Boutique Hotel,3-star hotel,4.5,(844),"['Free breakfast', 'Free Wi-Fi', 'Free parking', 'Air conditioning', 'Restaurant', 'Room service', 'Airport shuttle']","IDR 203,648",Jogjakarta
Hotel 1001 Malam,3-star hotel,4.2,(293),"['Free breakfast', 'Free Wi-Fi', 'Air conditioning', 'Restaurant', 'Airport shuttle', 'Full-service laundry', 'Child-friendly']","IDR 389,164",Jogjakarta
Septia Malioboro Hotel,3-star hotel,4.1,(759),"['Free breakfast', 'Free Wi-Fi', 'Parking', 'Air conditioning', 'Restaurant', 'Room service', 'Full-service laundry', 'Child-friendly']","IDR 216,000",Jogjakarta
Hotel Arjuna Yogyakarta,3-star hotel,4.3,"(2,156)","['Breakfast', 'Free Wi-Fi', 'Free parking', 'Outdoor pool', 'Hot tub', 'Air conditioning', 'Spa', 'Bar']",0,Jogjakarta
Prima In Hotel,3-star hotel,4.3,"(2,611)","['Breakfast', 'Free Wi-Fi', 'Free parking', 'Outdoor pool', 'Air conditioning', 'Spa', 'Restaurant', 'Room service']","IDR 409,975",Jogjakarta
Hotel Ibis Laksda Adisucipto,3-star hotel,4.5,"(1,865)","['Breakfast', 'Free Wi-Fi', 'Free parking', 'Outdoor pool', 'Air conditioning', 'Fitness centre', 'Spa', 'Restaurant']","IDR 554,054",Jogjakarta
Duta Garden Hotel and Boutique Villa,3-star hotel,4.4,(436),"['Free breakfast', 'Free Wi-Fi', 'Free parking', 'Outdoor pool', 'Air conditioning', 'Restaurant', 'Room service', 'Airport shuttle']","IDR 704,949",Jogjakarta
Hotel Dafam Fortuna Malioboro Yogyakarta,3-star hotel,4.4,"(4,165)","['Free breakfast', 'Free Wi-Fi', 'Free parking', 'Outdoor pool', 'Air conditioning', 'Spa', 'Bar', 'Restaurant']",0,Jogjakarta
OYO 3726 Tembok Batu Residence,3-star hotel,4.1,"(1,535)","['Free Wi-Fi', 'Free parking', 'Air conditioning', 'Breakfast', 'Restaurant', 'Child-friendly', 'Smoke-free property']","IDR 173,578",Jogjakarta
ZEN Rooms Malioboro Sosrowijayan Sosromenduran,3-star hotel,4.3,(20),"['Free Wi-Fi', 'Pool', 'Pet-friendly', 'Full-service laundry', 'Child-friendly']",0,Jogjakarta
Arte Hotel Malioboro,3-star hotel,4.4,"(1,338)","['Free breakfast', 'Free Wi-Fi', 'Free parking', 'Air conditioning', 'Restaurant', 'Room service', 'Full-service laundry', 'Child-friendly']","IDR 539,334",Jogjakarta
KHAS Malioboro Hotel Yogyakarta,3-star hotel,4.5,"(4,031)","['Breakfast', 'Free Wi-Fi', 'Free parking', 'Hot tub', 'Air conditioning', 'Restaurant', 'Room service', 'Airport shuttle']",0,Jogjakarta
Hotel Pyrenees,3-star hotel,4.2,(892),"['Breakfast', 'Free Wi-Fi', 'Free parking', 'Air conditioning', 'Restaurant', 'Room service', 'Full-service laundry', 'Accessible']","IDR 579,352",Jogjakarta
Grage Ramayana Hotel Yogyakarta,3-star hotel,4.3,"(2,097)","['Breakfast', 'Free Wi-Fi', 'Free parking', 'Air conditioning', 'Restaurant', 'Room service', 'Airport shuttle', 'Full-service laundry']","IDR 455,531",Jogjakarta
MMUGM Hotel,3-star hotel,4.5,"(3,686)","['Free breakfast', 'Free Wi-Fi', 'Free parking', 'Air conditioning', 'Restaurant', 'Room service', 'Airport shuttle', 'Full-service laundry']",0,Jogjakarta
Aveta Hotel Malioboro,3-star hotel,4.4,"(1,020)","['Breakfast', 'Free Wi-Fi', 'Free parking', 'Outdoor pool', 'Air conditioning', 'Restaurant', 'Room service', 'Airport shuttle']","IDR 847,864",Jogjakarta
LPP Convention Hotel,3-star hotel,4.3,"(1,229)","['Free breakfast', 'Free Wi-Fi', 'Free parking', 'Pool', 'Hot tub', 'Air conditioning', 'Restaurant', 'Room service']",0,Jogjakarta
Hotel Mutiara Malioboro,3-star hotel,4.2,"(2,075)","['Free breakfast', 'Free Wi-Fi', 'Free parking', 'Outdoor pool', 'Air conditioning', 'Restaurant', 'Room service', 'Airport shuttle']",0,Jogjakarta
Hotel 1001 Malam,3-star hotel,4.2,(293),"['Free breakfast', 'Free Wi-Fi', 'Air conditioning', 'Restaurant', 'Airport shuttle', 'Full-service laundry', 'Child-friendly']","IDR 428,685",Jogjakarta
Metro Guest House,3-star hotel,4.1,"(1,019)","['Free breakfast', 'Free Wi-Fi', 'Parking', 'Outdoor pool', 'Air conditioning', 'Restaurant', 'Room service', 'Child-friendly']","IDR 100,000",Jogjakarta
Grand Puri Saron Hotel Malioboro,3-star hotel,4.3,"(1,477)","['Breakfast', 'Free Wi-Fi', 'Free parking', 'Air conditioning', 'Restaurant', 'Room service', 'Airport shuttle', 'Full-service laundry']","IDR 424,174",Jogjakarta
Pelem Sewu Cottage Syariah,3-star hotel,4.5,(583),"['Free breakfast', 'Free Wi-Fi', 'Free parking', 'Outdoor pool', 'Air conditioning', 'Restaurant', 'Room service', 'Full-service laundry']","IDR 400,558",Jogjakarta
Taman Yuwono Heritage Malioboro,3-star hotel,4.6,(523),"['Free breakfast', 'Free Wi-Fi', 'Free parking', 'Air conditioning', 'Full-service laundry', 'Child-friendly']","IDR 575,189",Jogjakarta
Mataram Hotel,3-star hotel,4.1,(393),"['Breakfast', 'Free Wi-Fi', 'Free parking', 'Air conditioning', 'Airport shuttle', 'Full-service laundry', 'Child-friendly']","IDR 495,507",Jogjakarta
Metro Malioboro Living House,3-star hotel,4.4,(580),"['Free breakfast', 'Free Wi-Fi', 'Free parking', 'Air conditioning', 'Airport shuttle', 'Child-friendly']","IDR 188,719",Jogjakarta
OYO 514 Omah Pari Boutique Hotel,3-star hotel,4.5,(395),"['Breakfast', 'Free Wi-Fi', 'Free parking', 'Air conditioning', 'Restaurant', 'Full-service laundry', 'Child-friendly']","IDR 166,151",Jogjakarta
OYO 194 Hotel Sapta Gria,3-star hotel,4,(576),"['Free Wi-Fi', 'Parking', 'Outdoor pool', 'Air conditioning', 'Full-service laundry', 'Child-friendly']",0,Jogjakarta
Hotel Bhinneka,3-star hotel,4.1,"(1,090)","['Free breakfast', 'Free Wi-Fi', 'Free parking', 'Air conditioning', 'Restaurant', 'Room service', 'Full-service laundry', 'Child-friendly']",0,Jogjakarta
OYO 549 KOTAGEDE HERITAGE HOMESTAY,3-star hotel,4.5,(162),"['Free Wi-Fi', 'Free parking', 'Air conditioning', 'Kitchen in some rooms', 'Airport shuttle', 'Full-service laundry', 'Child-friendly']","IDR 298,000",Jogjakarta
OYO 348 Hotel Dieng Permai,3-star hotel,3.6,(411),"['Breakfast', 'Free Wi-Fi', 'Free parking', 'Air conditioning', 'Child-friendly']","IDR 102,898",Jogjakarta
Hotel Dermaga Keluarga,3-star hotel,4.2,(416),"['Free breakfast', 'Free Wi-Fi', 'Free parking', 'Air conditioning', 'Restaurant', 'Room service', 'Full-service laundry', 'Child-friendly']","IDR 254,363",Jogjakarta
Grand Surya Hotel Yogyakarta,3-star hotel,3.8,(559),"['Breakfast', 'Free Wi-Fi', 'Free parking', 'Air conditioning', 'Full-service laundry', 'Child-friendly']",0,Jogjakarta
The Cube Hotel Prawirotaman,3-star hotel,4.2,"(2,439)","['Free breakfast', 'Free Wi-Fi', 'Free parking', 'Outdoor pool', 'Air conditioning', 'Restaurant', 'Room service', 'Airport shuttle']","IDR 529,632",Jogjakarta
Sans Hotel Heryon Yogyakarta,3-star hotel,4.1,(493),"['Free breakfast', 'Free Wi-Fi', 'Free parking', 'Air conditioning', 'Room service', 'Airport shuttle', 'Full-service laundry', 'Child-friendly']","IDR 155,993",Jogjakarta
Ameera Boutique Hotel,3-star hotel,3.5,(387),"['Free breakfast', 'Free Wi-Fi', 'Free parking', 'Air conditioning', 'Restaurant', 'Airport shuttle', 'Full-service laundry', 'Child-friendly']",0,Jogjakarta
OYO 461 Hotel Madukoro,3-star hotel,4.1,(242),"['Breakfast', 'Free Wi-Fi', 'Free parking', 'Air conditioning', 'Restaurant', 'Room service', 'Airport shuttle', 'Full-service laundry']",0,Jogjakarta
OYO 524 Makuta Hotel,3-star hotel,4,(306),"['Free Wi-Fi', 'Parking', 'Air conditioning', 'Restaurant', 'Child-friendly']","IDR 88,505",Jogjakarta
Hotel Permata Malioboro,3-star hotel,3.9,(107),"['Free breakfast', 'Wi-Fi', 'Free parking', 'Outdoor pool', 'Air conditioning', 'Airport shuttle', 'Full-service laundry', 'Child-friendly']",0,Jogjakarta
Hotel Sakura Yogyakarta,3-star hotel,3.6,(152),"['Free Wi-Fi', 'Air conditioning', 'Child-friendly']","IDR 200,827",Jogjakarta
Bukit Uhud Hotel,3-star hotel,4.5,(250),"['Breakfast', 'Free Wi-Fi', 'Air conditioning', 'Full-service laundry', 'Child-friendly']",0,Jogjakarta
Airy Sleman Gamping Tata Bumi 3 Yogyakarta,3-star hotel,4.6,(32),['Child-friendly'],0,Jogjakarta
Airy Gondokusuman Urip Sumoharjo 64 Yogyakarta,3-star hotel,4.3,(30),"['Free Wi-Fi', 'Free parking', 'Air conditioning', 'Restaurant', 'Smoke-free property']",0,Jogjakarta
Airy Malioboro Sosrowijayan GT Satu 195 Yogyakarta,3-star hotel,4,(211),"['Free Wi-Fi', 'Free parking', 'Air conditioning', 'Breakfast', 'Restaurant', 'Airport shuttle', 'Child-friendly', 'Smoke-free property']",0,Jogjakarta
Hotel Bakti,3-star hotel,3.1,(229),"['Free breakfast', 'Free Wi-Fi', 'Free parking', 'Air conditioning', 'Child-friendly']",0,Jogjakarta
Hotel Ratna,3-star hotel,3.7,(162),"['Free parking', 'Pool', 'Air conditioning', 'Child-friendly']",0,Jogjakarta
Duta Guest House,3-star hotel,4.3,(400),"['Free breakfast', 'Free Wi-Fi', 'Free parking', 'Outdoor pool', 'Air conditioning', 'Fitness centre', 'Restaurant', 'Room service']","IDR 317,793",Jogjakarta
Tegal Panggung Guest House,3-star hotel,4.5,(263),"['Free breakfast', 'Free Wi-Fi', 'Air conditioning', 'Full-service laundry', 'Child-friendly']","IDR 367,423",Jogjakarta
Adya Nalendra Boutique Hotel,3-star hotel,4.3,(523),"['Free breakfast', 'Free Wi-Fi', 'Air conditioning', 'Restaurant', 'Room service', 'Child-friendly', 'Smoke-free property']","IDR 190,417",Jogjakarta
Eclipse Hotel,3-star hotel,4.3,(309),"['Free breakfast', 'Free Wi-Fi', 'Free parking', 'Outdoor pool', 'Pet-friendly', 'Restaurant', 'Room service', 'Full-service laundry']","IDR 277,380",Jogjakarta
Remen Room Bed & Breakfast,3-star hotel,4.6,(696),"['Free breakfast', 'Free Wi-Fi', 'Free parking', 'Air conditioning', 'Restaurant', 'Room service', 'Full-service laundry', 'Child-friendly']","IDR 203,251",Jogjakarta
Pose In Hotel,3-star hotel,3.7,(513),"['Free Wi-Fi', 'Pet-friendly', 'Restaurant', 'Room service', 'Full-service laundry', 'Child-friendly']","IDR 355,647",Jogjakarta
Best City Hotel,3-star hotel,4.2,"(2,471)","['Free breakfast', 'Free Wi-Fi', 'Free parking', 'Air conditioning', 'Restaurant', 'Room service', 'Full-service laundry', 'Child-friendly']","IDR 252,000",Jogjakarta
Adilla Syariah Hotel,3-star hotel,4.4,"(1,235)","['Free breakfast', 'Free Wi-Fi', 'Air conditioning', 'Full-service laundry', 'Child-friendly']","IDR 237,105",Jogjakarta
Yobel Hotel,3-star hotel,4.7,(122),"['Free Wi-Fi', 'Free parking', 'Air conditioning', 'Full-service laundry', 'Child-friendly']","IDR 359,897",Jogjakarta
Delta Homestay,3-star hotel,4.1,(178),"['Free breakfast', 'Free Wi-Fi', 'Outdoor pool', 'Air conditioning', 'Restaurant', 'Room service', 'Airport shuttle', 'Full-service laundry']","IDR 348,840",Jogjakarta
Cantya Hotel,3-star hotel,4.1,(707),"['Free breakfast', 'Free Wi-Fi', 'Free parking', 'Outdoor pool', 'Air conditioning', 'Fitness centre', 'Spa', 'Restaurant']","IDR 319,891",Jogjakarta
Sans Hotel Heryon Yogyakarta,3-star hotel,4.1,(493),"['Free breakfast', 'Free Wi-Fi', 'Free parking', 'Air conditioning', 'Room service', 'Airport shuttle', 'Full-service laundry', 'Child-friendly']","IDR 108,564",Jogjakarta
The Kresna Hotel,3-star hotel,4.4,(197),"['Free breakfast', 'Free Wi-Fi', 'Free parking', 'Air conditioning', 'Restaurant', 'Room service', 'Full-service laundry', 'Child-friendly']","IDR 269,999",Jogjakarta
Sans Hotel Nagari Malioboro,3-star hotel,4.3,(740),"['Free breakfast', 'Free Wi-Fi', 'Free parking', 'Air conditioning', 'Room service', 'Full-service laundry', 'Child-friendly']","IDR 437,807",Jogjakarta
ZEN Premium Malioboro Gajah Mada,3-star hotel,4.4,(5),"['Pet-friendly', 'Child-friendly']",0,Jogjakarta
Hotel Yogya Kembali,3-star hotel,3.9,(452),"['Wi-Fi', 'Parking', 'Air conditioning', 'Child-friendly']","IDR 133,317",Jogjakarta
Hinggil Homestay Syariah RedPartner,3-star hotel,4.5,(169),"['Free Wi-Fi', 'Air conditioning', 'Airport shuttle', 'Child-friendly']","IDR 235,160",Jogjakarta
Hinggil Homestay Syariah RedPartner,3-star hotel,4.5,(169),"['Free Wi-Fi', 'Air conditioning', 'Airport shuttle', 'Child-friendly']","IDR 241,920",Jogjakarta
Agung Mas Hotel Yogyakarta,3-star hotel,4.3,(826),"['Free breakfast', 'Free Wi-Fi', 'Free parking', 'Air conditioning', 'Restaurant', 'Room service', 'Full-service laundry', 'Child-friendly']","IDR 235,564",Jogjakarta
Pondok Kampoeng Djawa Guest House,3-star hotel,4.3,(196),"['Free breakfast', 'Free Wi-Fi', 'Air conditioning']","IDR 197,797",Jogjakarta
De Hostel,3-star hotel,4.5,(123),"['Free breakfast', 'Free Wi-Fi', 'Air conditioning', 'Airport shuttle', 'Child-friendly']","IDR 248,330",Jogjakarta
IPIENK HOUSE Beyond Luxury,3-star hotel,4.9,(37),"['Free breakfast', 'Free Wi-Fi', 'Parking', 'Pet-friendly', 'Restaurant', 'Room service', 'Full-service laundry', 'Child-friendly']",0,Jogjakarta
Kirana Hotel,3-star hotel,4.6,(143),"['Free breakfast', 'Free Wi-Fi', 'Free parking', 'Air conditioning', 'Restaurant', 'Airport shuttle', 'Child-friendly']","IDR 427,501",Jogjakarta
Hotel Yogya Kembali,3-star hotel,3.9,(452),"['Wi-Fi', 'Parking', 'Air conditioning', 'Child-friendly']","IDR 104,744",Jogjakarta
Satya Graha Hotel,3-star hotel,4.1,"(1,145)","['Free breakfast', 'Free Wi-Fi', 'Free parking', 'Outdoor pool', 'Air conditioning', 'Restaurant', 'Room service', 'Airport shuttle']",0,Jogjakarta
Bedhot Homestay,3-star hotel,4.6,(317),"['Breakfast', 'Free Wi-Fi', 'Parking', 'Air conditioning', 'Restaurant', 'Room service', 'Airport shuttle', 'Full-service laundry']","IDR 500,764",Jogjakarta
Villa Pondok Terra,3-star hotel,4.5,(169),"['Free Wi-Fi', 'Free parking', 'Outdoor pool', 'Air conditioning', 'Breakfast', 'Kitchen in rooms', 'Accessible', 'Child-friendly']","IDR 1,600,000",Jogjakarta
Dasinem Family Homestay,3-star hotel,4.7,(353),"['Free breakfast', 'Free Wi-Fi', 'Free parking', 'Air conditioning', 'Airport shuttle', 'Full-service laundry', 'Child-friendly']","IDR 220,381",Jogjakarta
Hotel Atalie Malioboro,3-star hotel,4.3,(390),"['Free breakfast', 'Free Wi-Fi', 'Free parking', 'Air conditioning', 'Child-friendly']","IDR 554,149",Jogjakarta
The Manohara Hotel Yogyakarta,4-star hotel,4.7,(987),"['Breakfast ($)', 'Free Wi-Fi', 'Free parking', 'Outdoor pool', 'Air conditioning', 'Fitness centre', 'Spa', 'Bar']","IDR 703,000",Jogjakarta
Grand Inna Malioboro,4-star hotel,4.6,"(16,059)","['Free breakfast', 'Free Wi-Fi', 'Free parking', 'Outdoor pool', 'Hot tub', 'Air conditioning', 'Fitness centre', 'Spa']","IDR 810,152",Jogjakarta
THE 1O1 Yogyakarta Tugu,4-star hotel,4.6,"(8,637)","['Breakfast', 'Free Wi-Fi', 'Free parking', 'Outdoor pool', 'Air conditioning', 'Fitness centre', 'Spa', 'Restaurant']","IDR 946,324",Jogjakarta
Swiss-Belboutique Yogyakarta,4-star hotel,4.8,"(7,628)","['Breakfast', 'Free Wi-Fi', 'Free parking', 'Outdoor pool', 'Air conditioning', 'Fitness centre', 'Spa', 'Bar']","IDR 686,139",Jogjakarta
Gallery Prawirotaman Hotel,4-star hotel,4.5,"(3,003)","['Free breakfast', 'Free Wi-Fi', 'Free parking', 'Outdoor pool', 'Air conditioning', 'Fitness centre', 'Spa', 'Restaurant']","IDR 599,649",Jogjakarta
The Manohara Hotel Yogyakarta,4-star hotel,4.7,(987),"['Breakfast ($)', 'Free Wi-Fi', 'Free parking', 'Outdoor pool', 'Air conditioning', 'Fitness centre', 'Spa', 'Bar']","IDR 594,405",Jogjakarta
The Alana Hotel & Conference Center Malioboro,4-star hotel,4.5,"(9,661)","['Breakfast', 'Free Wi-Fi', 'Free parking', 'Outdoor pool', 'Air conditioning', 'Fitness centre', 'Spa', 'Restaurant']","IDR 625,165",Jogjakarta
Kimaya Sudirman Yogyakarta by Harris,4-star hotel,4.5,"(5,041)","['Breakfast', 'Free Wi-Fi', 'Free parking', 'Outdoor pool', 'Hot tub', 'Air conditioning', 'Fitness centre', 'Spa']","IDR 509,050",Jogjakarta
Grand Ambarrukmo Yogyakarta,4-star hotel,4.7,"(3,711)","['Breakfast', 'Free Wi-Fi', 'Parking', 'Outdoor pool', 'Air conditioning', 'Fitness centre', 'Spa', 'Bar']","IDR 780,520",Jogjakarta
Ros-In Hotel Yogyakarta,4-star hotel,4.4,"(3,799)","['Free breakfast', 'Free Wi-Fi', 'Free parking', 'Outdoor pool', 'Hot tub', 'Air conditioning', 'Fitness centre', 'Spa']","IDR 353,128",Jogjakarta
Prime Plaza Hotel Jogjakarta,4-star hotel,4.5,"(3,593)","['Free breakfast', 'Free Wi-Fi', 'Free parking', 'Outdoor pool', 'Hot tub', 'Air conditioning', 'Fitness centre', 'Spa']","IDR 581,175",Jogjakarta
Grand Senyum Hotel Yogyakarta,4-star hotel,4.5,"(1,646)","['Breakfast', 'Free Wi-Fi', 'Free parking', 'Outdoor pool', 'Air conditioning', 'Spa', 'Bar', 'Restaurant']","IDR 703,120",Jogjakarta
Hotel New Saphir Yogyakarta,4-star hotel,4.5,"(4,658)","['Free breakfast', 'Free Wi-Fi', 'Free parking', 'Outdoor pool', 'Air conditioning', 'Fitness centre', 'Bar', 'Restaurant']","IDR 508,362",Jogjakarta
Harper Malioboro Yogyakarta,4-star hotel,4.6,"(7,266)","['Breakfast ($)', 'Free Wi-Fi', 'Free parking', 'Outdoor pool', 'Air conditioning', 'Spa', 'Bar', 'Restaurant']","IDR 616,881",Jogjakarta
Gaia Cosmo Hotel,4-star hotel,4.6,"(4,722)","['Breakfast', 'Free Wi-Fi', 'Free parking', 'Outdoor pool', 'Air conditioning', 'Fitness centre', 'Restaurant', 'Room service']","IDR 636,000",Jogjakarta
Novotel Suites Yogyakarta Malioboro,4-star hotel,4.7,"(1,681)","['Breakfast ($)', 'Free Wi-Fi', 'Free parking', 'Outdoor pool', 'Air conditioning', 'Fitness centre', 'Spa', 'Bar']","IDR 1,205,027",Jogjakarta
Grand Rohan Jogja,4-star hotel,4.7,"(6,775)","['Free breakfast', 'Free Wi-Fi', 'Free parking', 'Outdoor pool', 'Air conditioning', 'Spa', 'Restaurant', 'Room service']","IDR 509,135",Jogjakarta
Hotel Santika Premiere Jogja,4-star hotel,4.6,"(5,769)","['Free breakfast', 'Free Wi-Fi', 'Free parking', 'Outdoor pool', 'Air conditioning', 'Fitness centre', 'Spa', 'Bar']","IDR 1,009,260",Jogjakarta
Tara Hotel Yogyakarta,4-star hotel,4.4,"(3,786)","['Breakfast', 'Free Wi-Fi', 'Free parking', 'Pool', 'Air conditioning', 'Fitness centre', 'Spa', 'Bar']","IDR 423,635",Jogjakarta
Cavinton Hotel Yogyakarta by Tritama Hospitality,4-star hotel,4.4,"(5,240)","['Breakfast', 'Free Wi-Fi', 'Free parking', 'Outdoor pool', 'Hot tub', 'Air conditioning', 'Fitness centre', 'Spa']","IDR 498,500",Jogjakarta
Horison Ultima Riss Malioboro Yogyakarta,4-star hotel,4.5,"(3,748)","['Free breakfast', 'Free Wi-Fi', 'Free parking', 'Outdoor pool', 'Air conditioning', 'Fitness centre', 'Spa', 'Restaurant']","IDR 943,076",Jogjakarta
Grand Zuri Malioboro Hotel,4-star hotel,4.6,"(7,945)","['Breakfast', 'Free Wi-Fi', 'Free parking', 'Outdoor pool', 'Air conditioning', 'Fitness centre', 'Spa', 'Bar']","IDR 832,868",Jogjakarta
Abadi Malioboro Jogja by Tritama Hospitality,4-star hotel,4.4,"(3,031)","['Breakfast ($)', 'Free Wi-Fi', 'Free parking', 'Outdoor pool', 'Air conditioning', 'Bar', 'Restaurant', 'Room service']","IDR 451,407",Jogjakarta
éL Hotel Royale Yogyakarta Malioboro,4-star hotel,4.5,"(1,914)","['Free breakfast', 'Free Wi-Fi', 'Free parking', 'Indoor pool', 'Air conditioning', 'Restaurant', 'Room service', 'Airport shuttle']","IDR 1,750,632",Jogjakarta
KJ Hotel Yogyakarta,4-star hotel,4.5,"(4,363)","['Free breakfast', 'Free Wi-Fi', 'Free parking', 'Outdoor pool', 'Hot tub', 'Air conditioning', 'Fitness centre', 'Spa']","IDR 628,291",Jogjakarta
Royal Malioboro by ASTON,4-star hotel,4.8,(729),"['Free breakfast', 'Free Wi-Fi', 'Free parking', 'Pool', 'Air conditioning', 'Spa', 'Restaurant', 'Room service']","IDR 3,950,100",Jogjakarta
Grand Inna Malioboro,4-star hotel,4.6,"(16,062)","['Free breakfast', 'Free Wi-Fi', 'Free parking', 'Outdoor pool', 'Hot tub', 'Air conditioning', 'Fitness centre', 'Spa']","IDR 809,074",Jogjakarta
Royal Darmo Malioboro Hotel,4-star hotel,4.5,"(3,550)","['Free breakfast', 'Free Wi-Fi', 'Free parking', 'Outdoor pool', 'Air conditioning', 'Spa', 'Restaurant', 'Room service']",0,Jogjakarta
Hasian Malioboro Motel,4-star hotel,3.8,(415),"['Wi-Fi', 'Air conditioning', 'Full-service laundry']","IDR 268,736",Jogjakarta
Hotel Larashati,4-star hotel,4.4,(123),"['Free Wi-Fi', 'Air conditioning', 'Breakfast', 'Child-friendly']",0,Jogjakarta
Griya Kedasih Guest House,4-star hotel,4.8,(29),['Child-friendly'],0,Jogjakarta
Royal Ambarrukmo Yogyakarta,5-star hotel,4.7,"(14,926)","['Free breakfast', 'Free Wi-Fi', 'Free parking', 'Outdoor pool', 'Air conditioning', 'Fitness centre', 'Spa', 'Bar']","IDR 1,517,374",Jogjakarta
The Phoenix Hotel Yogyakarta - MGallery Collection,5-star hotel,4.6,"(4,404)","['Free breakfast', 'Free Wi-Fi', 'Free parking', 'Outdoor pool', 'Air conditioning', 'Fitness centre', 'Spa', 'Bar']","IDR 825,381",Jogjakarta
Grand Mercure Yogyakarta Adi Sucipto,5-star hotel,4.6,"(8,050)","['Breakfast', 'Free Wi-Fi', 'Free parking', 'Outdoor pool', 'Air conditioning', 'Fitness centre', 'Spa', 'Bar']","IDR 652,515",Jogjakarta
Hotel Tentrem Yogyakarta,5-star hotel,4.8,"(12,771)","['Free breakfast', 'Free Wi-Fi', 'Free parking', 'Outdoor pool', 'Hot tub', 'Air conditioning', 'Fitness centre', 'Spa']","IDR 2,645,905",Jogjakarta
Jambuluwuk Malioboro Hotel,5-star hotel,4.4,"(5,619)","['Breakfast', 'Free Wi-Fi', 'Free parking', 'Outdoor pool', 'Hot tub', 'Air conditioning', 'Fitness centre', 'Spa']","IDR 754,915",Jogjakarta
ARTOTEL Suites Bianti - Yogyakarta,5-star hotel,4.8,(304),"['Breakfast', 'Free Wi-Fi', 'Free parking', 'Outdoor pool', 'Air conditioning', 'Fitness centre', 'Spa', 'Bar']","IDR 758,116",Jogjakarta
Royal Ambarrukmo Yogyakarta,5-star hotel,4.7,"(14,928)","['Free breakfast', 'Free Wi-Fi', 'Free parking', 'Outdoor pool', 'Air conditioning', 'Fitness centre', 'Spa', 'Bar']","IDR 494,670",Jogjakarta
The Phoenix Hotel Yogyakarta - MGallery Collection,5-star hotel,4.6,"(4,405)","['Free breakfast', 'Free Wi-Fi', 'Free parking', 'Outdoor pool', 'Air conditioning', 'Fitness centre', 'Spa', 'Bar']","IDR 819,432",Jogjakarta
Meliá Purosani Yogyakarta,5-star hotel,4.6,"(10,042)","['Breakfast', 'Free Wi-Fi', 'Free parking', 'Outdoor pool', 'Hot tub', 'Air conditioning', 'Fitness centre', 'Spa']","IDR 1,411,850",Jogjakarta
Yogyakarta backpacker 1,5-star hotel,4.3,(3),"['Free Wi-Fi', 'Kitchen in some rooms']","IDR 208,332",Jogjakarta
