Name,Class,Rating,Total Rater,Facility,Price,Area
Capsule Homestay,2-star hotel,3.9,(631),"['Free Wi-Fi', 'Air conditioning', 'Pet-friendly', 'Kitchen in rooms']","IDR 104,545",Surabaya
OYO 469 Bumi Banyu Bening Syariah,2-star hotel,4.3,(201),"['Free Wi-Fi', 'Air conditioning', 'Child-friendly']","IDR 150,339",Surabaya
POP! Hotel Gubeng,2-star hotel,4.2,"(4,230)","['Free breakfast', 'Free Wi-Fi', 'Free parking', 'Outdoor pool', 'Air conditioning', 'Fitness centre', 'Restaurant', 'Room service']","IDR 254,339",Surabaya
Bella Hotel Surabaya,2-star hotel,4,"(1,181)","['Free breakfast', 'Free Wi-Fi', 'Air conditioning', 'Restaurant', 'Room service', 'Airport shuttle', 'Full-service laundry', 'Child-friendly']","IDR 217,299",Surabaya
ibis budget Surabaya Diponegoro,2-star hotel,4.4,"(1,872)","['Breakfast', 'Free Wi-Fi', 'Free parking', 'Air conditioning', 'Restaurant', 'Room service', 'Full-service laundry', 'Accessible']","IDR 261,989",Surabaya
favehotel MEX Tunjungan Surabaya,2-star hotel,4.2,"(5,578)","['Breakfast', 'Free Wi-Fi', 'Free parking', 'Air conditioning', 'Fitness centre', 'Restaurant', 'Room service', 'Airport shuttle']","IDR 229,290",Surabaya
Emerald Hotel Surabaya,2-star hotel,4.2,(797),"['Free breakfast', 'Free Wi-Fi', 'Free parking', 'Air conditioning', 'Restaurant', 'Room service', 'Full-service laundry', 'Child-friendly']","IDR 218,674",Surabaya
Collection O 11 Life Style Surabaya,2-star hotel,4.3,"(1,459)","['Free breakfast', 'Free Wi-Fi', 'Free parking', 'Outdoor pool', 'Air conditioning', 'Fitness centre', 'Restaurant', 'Room service']","IDR 352,389",Surabaya
Zest Hotel,2-star hotel,4.3,"(3,158)","['Breakfast', 'Free Wi-Fi', 'Free parking', 'Air conditioning', 'Restaurant', 'Room service', 'Full-service laundry', 'Accessible']","IDR 230,621",Surabaya
News Hotel Surabaya,2-star hotel,4.2,"(1,714)","['Free breakfast', 'Free Wi-Fi', 'Free parking', 'Air conditioning', 'Restaurant', 'Room service', 'Airport shuttle', 'Full-service laundry']","IDR 220,906",Surabaya
Amaris Hotel Margorejo Surabaya,2-star hotel,4.4,"(2,752)","['Free breakfast', 'Free Wi-Fi', 'Free parking', 'Air conditioning', 'Restaurant', 'Room service', 'Full-service laundry', 'Accessible']","IDR 234,323",Surabaya
POP! Hotel Stasiun Kota - Surabaya,2-star hotel,4.3,"(2,494)","['Free breakfast', 'Free Wi-Fi', 'Free parking', 'Air conditioning', 'Restaurant', 'Room service', 'Full-service laundry', 'Accessible']","IDR 239,360",Surabaya
Hotel 88,2-star hotel,4.3,"(2,601)","['Free breakfast', 'Free Wi-Fi', 'Free parking', 'Air conditioning', 'Restaurant', 'Room service', 'Full-service laundry', 'Child-friendly']","IDR 360,000",Surabaya
POP! Hotel Diponegoro - Surabaya,2-star hotel,4.4,"(4,656)","['Breakfast ($)', 'Free Wi-Fi', 'Free parking', 'Air conditioning', 'Restaurant', 'Room service', 'Airport shuttle', 'Full-service laundry']","IDR 233,795",Surabaya
Capsule Homestay,2-star hotel,3.9,(631),"['Free Wi-Fi', 'Air conditioning', 'Pet-friendly', 'Kitchen in rooms']","IDR 104,545",Surabaya
OYO 469 Bumi Banyu Bening Syariah,2-star hotel,4.3,(201),"['Free Wi-Fi', 'Air conditioning', 'Child-friendly']","IDR 150,339",Surabaya
POP! Hotel Diponegoro - Surabaya,2-star hotel,4.4,"(4,656)","['Breakfast ($)', 'Free Wi-Fi', 'Free parking', 'Air conditioning', 'Restaurant', 'Room service', 'Airport shuttle', 'Full-service laundry']","IDR 233,795",Surabaya
Hersya Front One Boutique Hotel Surabaya,2-star hotel,4.4,"(1,142)","['Free breakfast', 'Free Wi-Fi', 'Free parking', 'Air conditioning', 'Restaurant', 'Room service', 'Full-service laundry', 'Child-friendly']","IDR 236,947",Surabaya
Hotel Sahid Surabaya,2-star hotel,4.1,"(4,247)","['Breakfast', 'Free Wi-Fi', 'Parking', 'Pool', 'Air conditioning', 'Fitness centre', 'Spa', 'Restaurant']","IDR 365,000",Surabaya
Hotel 88 Embong Kenongo,2-star hotel,4.3,"(1,954)","['Free breakfast', 'Free Wi-Fi', 'Air conditioning', 'Restaurant', 'Room service', 'Full-service laundry', 'Accessible', 'Child-friendly']","IDR 277,328",Surabaya
Amaris Hotel Embong Malang Surabaya,2-star hotel,4.3,"(2,985)","['Free breakfast', 'Free Wi-Fi', 'Free parking', 'Air conditioning', 'Restaurant', 'Room service', 'Full-service laundry', 'Accessible']","IDR 232,182",Surabaya
Hotel Evora Surabaya,2-star hotel,4.3,"(1,829)","['Free breakfast', 'Free Wi-Fi', 'Free parking', 'Air conditioning', 'Restaurant', 'Room service', 'Full-service laundry', 'Accessible']","IDR 238,060",Surabaya
Nite & Day Hotel Kedungdoro,2-star hotel,4.4,(692),"['Breakfast', 'Free Wi-Fi', 'Air conditioning', 'Restaurant', 'Room service', 'Full-service laundry', 'Accessible', 'Child-friendly']","IDR 218,913",Surabaya
Cleo Hotel Basuki Rahmat,2-star hotel,4.1,(961),"['Breakfast', 'Free Wi-Fi', 'Free parking', 'Air conditioning', 'Restaurant', 'Room service', 'Airport shuttle', 'Full-service laundry']","IDR 270,362",Surabaya
OYO 90380 Andalus Hotel Syariah,2-star hotel,3.7,(397),"['Free breakfast', 'Free Wi-Fi', 'Air conditioning', 'Room service', 'Full-service laundry', 'Child-friendly']","IDR 104,214",Surabaya
Bed and Breakfast Hotel Surabaya,2-star hotel,4.1,(480),"['Free breakfast', 'Free Wi-Fi', 'Free parking', 'Room service', 'Full-service laundry', 'Child-friendly']","IDR 225,743",Surabaya
Hotel 88 Kedungsari,2-star hotel,4.4,"(2,102)","['Free breakfast', 'Free Wi-Fi', 'Free parking', 'Air conditioning', 'Restaurant', 'Room service', 'Airport shuttle', 'Full-service laundry']","IDR 255,429",Surabaya
THE WIN Hotel,2-star hotel,4.2,"(1,332)","['Breakfast', 'Free Wi-Fi', 'Free parking', 'Air conditioning', 'Restaurant', 'Room service', 'Airport shuttle', 'Full-service laundry']","IDR 242,444",Surabaya
Capsule Homestay,2-star hotel,3.9,(631),"['Free Wi-Fi', 'Air conditioning', 'Pet-friendly', 'Kitchen in rooms']","IDR 104,545",Surabaya
OYO 469 Bumi Banyu Bening Syariah,2-star hotel,4.3,(201),"['Free Wi-Fi', 'Air conditioning', 'Child-friendly']","IDR 150,339",Surabaya
DEKA HOTEL SURABAYA HR MUHAMMAD,2-star hotel,4.4,(607),"['Breakfast', 'Free Wi-Fi', 'Free parking', 'Air conditioning', 'Spa', 'Restaurant', 'Room service', 'Airport shuttle']","IDR 270,810",Surabaya
OYO Flagship 1575 Urban 18,2-star hotel,3.6,(353),"['Free Wi-Fi', 'Air conditioning', 'Restaurant']","IDR 104,826",Surabaya
OYO 231 Hotel Andita Syariah,2-star hotel,4.2,(671),"['Free Wi-Fi', 'Air conditioning', 'Room service', 'Full-service laundry', 'Child-friendly']","IDR 115,593",Surabaya
OYO 157 We Stay Residence,2-star hotel,3,(195),"['Wi-Fi', 'Pool', 'Air conditioning', 'Child-friendly']","IDR 65,441",Surabaya
OYO 179 68 Residence,2-star hotel,4.1,(261),"['Free Wi-Fi', 'Air conditioning', 'Child-friendly']","IDR 70,426",Surabaya
OYO Flagship 3688 Pot Art,2-star hotel,3.9,(281),"['Free Wi-Fi', 'Air conditioning']","IDR 113,560",Surabaya
D'Paragon Kalijudan Surabaya,2-star hotel,4.4,(387),"['Free Wi-Fi', 'Free parking', 'Air conditioning', 'Full-service laundry', 'Child-friendly']","IDR 184,110",Surabaya
RedDoorz Plus near Galaxy Mall,2-star hotel,3.8,(243),"['Free Wi-Fi', 'Air conditioning', 'Restaurant', 'Child-friendly']","IDR 104,854",Surabaya
OYO 2075 Graha Marina,2-star hotel,4.2,(159),"['Free Wi-Fi', 'Air conditioning', 'Full-service laundry']","IDR 170,112",Surabaya
Grace Setia Hotel,2-star hotel,4.1,(709),"['Free breakfast', 'Free Wi-Fi', 'Free parking', 'Air conditioning', 'Restaurant', 'Room service', 'Airport shuttle', 'Full-service laundry']","IDR 692,312",Surabaya
SPOT ON 90110 A1 Pakis Argosari,2-star hotel,2.7,(47),['Free Wi-Fi'],"IDR 66,561",Surabaya
RedDoorz @ Jemursari Surabaya 2,2-star hotel,4.4,(142),"['Free Wi-Fi', 'Air conditioning']","IDR 112,515",Surabaya
Capsule Homestay,2-star hotel,3.9,(631),"['Free Wi-Fi', 'Air conditioning', 'Pet-friendly', 'Kitchen in rooms']","IDR 104,545",Surabaya
OYO 469 Bumi Banyu Bening Syariah,2-star hotel,4.3,(201),"['Free Wi-Fi', 'Air conditioning', 'Child-friendly']","IDR 150,339",Surabaya
RedDoorz @ Urip Sumoharjo,2-star hotel,4,(87),"['Free Wi-Fi', 'Parking', 'Air conditioning', 'Restaurant', 'Room service', 'Full-service laundry', 'Child-friendly']","IDR 120,375",Surabaya
OYO 143 Dukuh Kupang Residence,2-star hotel,4,(270),['Free Wi-Fi'],"IDR 84,413",Surabaya
OYO 469 Bumi Banyu Bening Syariah,2-star hotel,4.3,(201),"['Free Wi-Fi', 'Air conditioning', 'Child-friendly']","IDR 130,500",Surabaya
OYO 252 Istana Permata Ngagel,2-star hotel,3.5,"(1,097)","['Free breakfast', 'Wi-Fi', 'Free parking', 'Pool', 'Air conditioning', 'Full-service laundry', 'Child-friendly']","IDR 222,428",Surabaya
Audah Syariah Residence RedPartner,2-star hotel,4.1,(464),"['Free Wi-Fi', 'Air conditioning', 'Child-friendly']","IDR 94,656",Surabaya
OYO 3966 Jemur Residence,2-star hotel,2,(4),['Free Wi-Fi'],"IDR 104,979",Surabaya
Hotel Cemara,2-star hotel,3.8,(244),"['Wi-Fi', 'Free parking', 'Air conditioning', 'Child-friendly']",0,Surabaya
Hotel Pasah Asi,2-star hotel,4,(547),"['Free Wi-Fi', 'Full-service laundry', 'Child-friendly']",0,Surabaya
RedDoorz @ Wiyung 2,2-star hotel,4.1,(168),"['Free Wi-Fi', 'Air conditioning', 'Child-friendly']","IDR 204,217",Surabaya
Hotel Paprica,2-star hotel,3.5,(155),"['Free Wi-Fi', 'Air conditioning']",0,Surabaya
Nite & Day Residence Pavilion Permata Surabaya,2-star hotel,4.2,(63),"['Free Wi-Fi', 'Free parking', 'Pool', 'Air conditioning', 'Restaurant', 'Room service', 'Airport shuttle', 'Full-service laundry']",0,Surabaya
RedDoorz near Suroboyo Carnival Park,2-star hotel,3.9,(368),['Free Wi-Fi'],"IDR 110,154",Surabaya
Capsule Homestay,2-star hotel,3.9,(631),"['Free Wi-Fi', 'Air conditioning', 'Pet-friendly', 'Kitchen in rooms']","IDR 104,545",Surabaya
OYO 469 Bumi Banyu Bening Syariah,2-star hotel,4.3,(201),"['Free Wi-Fi', 'Air conditioning', 'Child-friendly']","IDR 150,339",Surabaya
OYO 277 Rukotel,2-star hotel,4.1,(651),"['Free Wi-Fi', 'Air conditioning', 'Restaurant', 'Room service', 'Full-service laundry', 'Child-friendly']",0,Surabaya
Nugraha Homestay,2-star hotel,4.2,(211),['Free Wi-Fi'],0,Surabaya
OYO 450 Semampir Residence,2-star hotel,4.1,(230),"['Free Wi-Fi', 'Free parking', 'Air conditioning', 'Child-friendly']","IDR 119,027",Surabaya
Airy Ahmad Yani Ketintang Baru Dua 12 Surabaya,2-star hotel,4.3,(143),"['Free Wi-Fi', 'Free parking', 'Air conditioning', 'Breakfast', 'Accessible', 'Child-friendly', 'Smoke-free property']",0,Surabaya
RedDoorz @ Raya Ngagel 2,2-star hotel,3.4,(109),"['Free Wi-Fi', 'Child-friendly']","IDR 140,772",Surabaya
Airy Rungkut Medokan Ayu Dua Blok S 1 Surabaya,2-star hotel,4.5,(29),"['Free Wi-Fi', 'Air conditioning', 'Child-friendly', 'Smoke-free property']",0,Surabaya
Airy Eco Syariah Sukomanunggal Darmo Permai Timur Dua 72 Surabaya,2-star hotel,4,(98),"['Free Wi-Fi', 'Parking', 'Child-friendly']",0,Surabaya
OYO 138 Graha 99,2-star hotel,4.2,(154),"['Free Wi-Fi', 'Air conditioning', 'Child-friendly']",0,Surabaya
OYO 1986 Airdas,2-star hotel,3.5,(76),"['Free Wi-Fi', 'Free parking', 'Air conditioning']",0,Surabaya
Airy Eco Syariah Wonokromo Karangrejo Sawah Surabaya,2-star hotel,4.2,(364),"['Free Wi-Fi', 'Free parking', 'Air conditioning', 'Breakfast', 'Smoke-free property']",0,Surabaya
Airy Eco Syariah Manunggal Kebonsari Blok B 9 Surabaya,2-star hotel,3.7,(124),"['Free Wi-Fi', 'Air conditioning', 'Breakfast', 'Parking', 'Restaurant', 'Room service', 'Smoke-free property']",0,Surabaya
ibis Surabaya Rajawali,2-star hotel,4,(326),"['Free Wi-Fi', 'Free parking', 'Air conditioning', 'Fitness centre', 'Restaurant', 'Room service', 'Full-service laundry']",0,Surabaya
Capsule Homestay,2-star hotel,3.9,(631),"['Free Wi-Fi', 'Air conditioning', 'Pet-friendly', 'Kitchen in rooms']","IDR 104,545",Surabaya
OYO 469 Bumi Banyu Bening Syariah,2-star hotel,4.3,(201),"['Free Wi-Fi', 'Air conditioning', 'Child-friendly']","IDR 150,339",Surabaya
KANWA Residence,2-star hotel,4.2,(78),"['Free Wi-Fi', 'Air conditioning', 'Airport shuttle', 'Full-service laundry']","IDR 168,730",Surabaya
Capsule Homestay,2-star hotel,3.9,(631),"['Free Wi-Fi', 'Air conditioning', 'Pet-friendly', 'Kitchen in rooms']","IDR 72,188",Surabaya
Hotel Tanjung Surabaya,2-star hotel,3.5,(523),"['Free breakfast', 'Free Wi-Fi', 'Air conditioning', 'Restaurant', 'Room service', 'Airport shuttle', 'Full-service laundry', 'Child-friendly']","IDR 151,602",Surabaya
OYO Flagship 2261 Pp Properti Pavilion Permata,2-star hotel,3.6,(114),"['Free parking', 'Outdoor pool', 'Air conditioning', 'Fitness centre', 'Full-service laundry']","IDR 126,087",Surabaya
Frank's Hotel,2-star hotel,4.1,(400),"['Free Wi-Fi', 'Free parking', 'Restaurant', 'Room service', 'Full-service laundry', 'Child-friendly']","IDR 260,000",Surabaya
Collection O 29 Twin Tower,2-star hotel,4.2,(249),"['Free Wi-Fi', 'Free parking', 'Outdoor pool', 'Air conditioning', 'Fitness centre', 'Room service', 'Full-service laundry']",0,Surabaya
RedDoorz @ Panglima Sudirman,2-star hotel,4.1,(285),"['Free Wi-Fi', 'Full-service laundry']","IDR 113,097",Surabaya
Metro Hotel,2-star hotel,4,(342),"['Free Wi-Fi', 'Free parking', 'Air conditioning', 'Full-service laundry', 'Child-friendly']","IDR 156,750",Surabaya
Graha Deanofa Syariah,2-star hotel,4.1,(193),"['Free Wi-Fi', 'Free parking', 'Air conditioning', 'Child-friendly']","IDR 113,432",Surabaya
OYO Hotel Istana Permata Juanda,2-star hotel,3.5,(35),"['Free Wi-Fi', 'Pool']","IDR 162,280",Surabaya
Hotel Sulawesi Kertajaya,2-star hotel,4.2,(591),"['Breakfast', 'Free Wi-Fi', 'Free parking', 'Air conditioning', 'Room service', 'Full-service laundry', 'Child-friendly']","IDR 240,061",Surabaya
C.Stone Hotel Suramadu,2-star hotel,3.9,(273),"['Free breakfast', 'Free Wi-Fi', 'Free parking', 'Air conditioning', 'Child-friendly']","IDR 272,301",Surabaya
Capsule Homestay,2-star hotel,3.9,(631),"['Free Wi-Fi', 'Air conditioning', 'Pet-friendly', 'Kitchen in rooms']","IDR 104,545",Surabaya
OYO 469 Bumi Banyu Bening Syariah,2-star hotel,4.3,(201),"['Free Wi-Fi', 'Air conditioning', 'Child-friendly']","IDR 150,339",Surabaya
Mira Inn,2-star hotel,3.7,(270),"['Free Wi-Fi', 'Free parking', 'Air conditioning', 'Room service', 'Full-service laundry', 'Smoke-free property']","IDR 400,000",Surabaya
OYO Flagship 90717 Hotel Kalimantan Surabaya,2-star hotel,3.9,(121),"['Free Wi-Fi', 'Full-service laundry', 'Child-friendly']","IDR 114,845",Surabaya
Green Surabaya Homey [Syariah],2-star hotel,4.5,(442),"['Breakfast ($)', 'Free Wi-Fi', 'Free parking', 'Air conditioning', 'Room service', 'Kitchen in some rooms', 'Full-service laundry', 'Accessible']",0,Surabaya
Mutiara Timor Hotel,2-star hotel,4.1,(336),"['Free breakfast', 'Free Wi-Fi', 'Free parking', 'Air conditioning', 'Full-service laundry', 'Child-friendly']","IDR 188,100",Surabaya
Kertajaya Residence Syariah Surabaya,2-star hotel,4.5,(68),"['Free Wi-Fi', 'Free parking', 'Air conditioning', 'Child-friendly']","IDR 135,106",Surabaya
My Hommy Guest House,2-star hotel,3.9,(61),"['Free Wi-Fi', 'Free parking', 'Child-friendly']","IDR 223,684",Surabaya
Hotel Malibu,2-star hotel,4.3,(233),"['Breakfast', 'Free Wi-Fi', 'Parking', 'Air conditioning', 'Room service', 'Full-service laundry']",0,Surabaya
Gardena Homestay Kertajaya,2-star hotel,4.3,(304),"['Breakfast', 'Free Wi-Fi', 'Free parking', 'Air conditioning', 'Restaurant', 'Room service', 'Full-service laundry']",0,Surabaya
ZEN Rooms Basic Kupang Baru,2-star hotel,3.9,(16),"['Pet-friendly', 'Child-friendly']",0,Surabaya
Hotel Mesir,2-star hotel,4,(134),"['Free breakfast', 'Free Wi-Fi', 'Air conditioning', 'Restaurant', 'Room service', 'Full-service laundry', 'Child-friendly']","IDR 1,374,843",Surabaya
OYO Life 3847 Drainbow Family Homestay,2-star hotel,4.1,(105),"['Free breakfast', 'Free Wi-Fi', 'Free parking', 'Air conditioning', 'Child-friendly']","IDR 220,749",Surabaya
casa sidoluhur 17,2-star hotel,4.6,(39),"['Wi-Fi', 'Free parking', 'Air conditioning', 'Child-friendly']","IDR 170,206",Surabaya
Capsule Homestay,2-star hotel,3.9,(631),"['Free Wi-Fi', 'Air conditioning', 'Pet-friendly', 'Kitchen in rooms']","IDR 104,545",Surabaya
OYO 469 Bumi Banyu Bening Syariah,2-star hotel,4.3,(201),"['Free Wi-Fi', 'Air conditioning', 'Child-friendly']","IDR 150,339",Surabaya
Sparkling Backpacker Hotel,2-star hotel,3.8,(355),"['Free breakfast', 'Free Wi-Fi', 'Air conditioning', 'Pet-friendly']","IDR 1,360,781",Surabaya
Hotel Gubeng,2-star hotel,3.4,(137),"['Wi-Fi', 'Free parking', 'Air conditioning']",0,Surabaya
RedDoorz @ Rungkut,2-star hotel,3.5,(116),"['Free Wi-Fi', 'Air conditioning']","IDR 86,399",Surabaya
Hotel Ganefo,2-star hotel,3.9,(209),"['Free parking', 'Air conditioning', 'Child-friendly']",0,Surabaya
Bhineka II Hotel,2-star hotel,3.5,(102),['Child-friendly'],0,Surabaya
Grand Citihub Gubeng,2-star hotel,-,-,['Free Wi-Fi'],0,Surabaya
Soerabaja Place Hotel,2-star hotel,4.2,(51),"['Free parking', 'Air conditioning', 'Full-service laundry', 'Child-friendly']",0,Surabaya
Graha Matahari Syariah Karah,2-star hotel,4.1,(57),"['Free Wi-Fi', 'Free parking', 'Air conditioning', 'Child-friendly']","IDR 67,441",Surabaya
Hotel Singaraja Indah,2-star hotel,4.2,(182),"['Wi-Fi', 'Full-service laundry', 'Child-friendly']",0,Surabaya
RedDoorz near Pelabuhan Tanjung Perak 2 Surabaya,2-star hotel,4,(359),"['Free Wi-Fi', 'Free parking', 'Air conditioning']","IDR 124,688",Surabaya
RedDoorz near Taman Bungkul,2-star hotel,3.9,(124),['Free Wi-Fi'],"IDR 144,942",Surabaya
OYO 90901 Taman Daun,2-star hotel,4,(41),['Child-friendly'],"IDR 166,082",Surabaya
Capsule Homestay,2-star hotel,3.9,(631),"['Free Wi-Fi', 'Air conditioning', 'Pet-friendly', 'Kitchen in rooms']","IDR 104,545",Surabaya
OYO 469 Bumi Banyu Bening Syariah,2-star hotel,4.3,(201),"['Free Wi-Fi', 'Air conditioning', 'Child-friendly']","IDR 150,339",Surabaya
Graha Sekar Arum RedPartner,2-star hotel,4,(109),['Free Wi-Fi'],"IDR 180,159",Surabaya
"Hotel FaveMex, low price high quality",2-star hotel,4.4,(89),"['Free Wi-Fi', 'Parking', 'Restaurant', 'Room service', 'Full-service laundry']",0,Surabaya
OYO 3782 Gunung Anyar,2-star hotel,3.9,(72),"['Free Wi-Fi', 'Air conditioning', 'Full-service laundry', 'Child-friendly', 'Smoke-free property']","IDR 110,822",Surabaya
ZEN Rooms Gubeng Kertajaya,2-star hotel,4.7,(3),['Child-friendly'],0,Surabaya
RedDoorz near Universitas Wijaya Kusuma 2,2-star hotel,4.2,(180),"['Free Wi-Fi', 'Parking', 'Air conditioning', 'Child-friendly']","IDR 200,203",Surabaya
OMAH DENAYA HOTEL,2-star hotel,4.1,(241),"['Free Wi-Fi', 'Free parking', 'Air conditioning', 'Child-friendly']",0,Surabaya
ZEN Rooms Kalimas KH Mas Mansyur,2-star hotel,3.7,(17),"['Free breakfast', 'Free Wi-Fi', 'Free parking', 'Air conditioning', 'Pet-friendly', 'Restaurant', 'Airport shuttle', 'Full-service laundry']","IDR 405,813",Surabaya
Djagalan Raya Hotel,2-star hotel,4.3,(223),"['Free Wi-Fi', 'Free parking', 'Air conditioning', 'Airport shuttle', 'Full-service laundry', 'Child-friendly']",0,Surabaya
RedDoorz Plus @ Diponegoro,2-star hotel,4.4,(51),"['Free Wi-Fi', 'Full-service laundry', 'Child-friendly']",0,Surabaya
ZEN Hostel Gubeng Station,2-star hotel,4,(9),"['Air conditioning', 'Airport shuttle']",0,Surabaya
RedDoorz Ramayana Indah Hotel,2-star hotel,3.9,(98),"['Free Wi-Fi', 'Air conditioning', 'Child-friendly']",0,Surabaya
ZEN Rooms Sultan Iskandar Muda,2-star hotel,4.6,(5),"['Pet-friendly', 'Child-friendly']",0,Surabaya
Capsule Homestay,2-star hotel,3.9,(631),"['Free Wi-Fi', 'Air conditioning', 'Pet-friendly', 'Kitchen in rooms']","IDR 104,545",Surabaya
OYO 469 Bumi Banyu Bening Syariah,2-star hotel,4.3,(201),"['Free Wi-Fi', 'Air conditioning', 'Child-friendly']","IDR 150,339",Surabaya
Zen Rooms near Grand City Mall,2-star hotel,2.3,(3),['Child-friendly'],0,Surabaya
Family Guest House Surabaya,2-star hotel,4.1,(146),"['Breakfast', 'Free Wi-Fi', 'Air conditioning', 'Full-service laundry', 'Child-friendly']",0,Surabaya
Omah Pitu,2-star hotel,4.8,(85),['Child-friendly'],0,Surabaya
H.O.S Homestay,-,5,(2),[],0,Surabaya
RedDoorz Plus near Ciputra World,2-star hotel,3.7,(84),"['Free Wi-Fi', 'Full-service laundry', 'Child-friendly']",0,Surabaya
Umada Beds & Lounge Syariah,2-star hotel,4.4,(15),"['Air conditioning', 'Child-friendly']",0,Surabaya
Airy Rungkut Madya M1 Surabaya,2-star hotel,4.2,(27),"['Free Wi-Fi', 'Child-friendly']",0,Surabaya
RedDoorz near Balaikota surabaya,2-star hotel,4.2,(125),"['Free Wi-Fi', 'Child-friendly']",0,Surabaya
OYO 134 Lg Residence,2-star hotel,4,(140),"['Free Wi-Fi', 'Air conditioning', 'Child-friendly']","IDR 121,500",Surabaya
Hotel Shabine,2-star hotel,3.1,(53),"['Free Wi-Fi', 'Free parking', 'Air conditioning']",0,Surabaya
Velozip Homestay,2-star hotel,4.1,(49),"['Breakfast', 'Free Wi-Fi', 'Free parking', 'Air conditioning', 'Child-friendly']",0,Surabaya
RedDoorz near Petra University,2-star hotel,4,(89),"['Free Wi-Fi', 'Free parking', 'Child-friendly']",0,Surabaya
Capsule Homestay,2-star hotel,3.9,(631),"['Free Wi-Fi', 'Air conditioning', 'Pet-friendly', 'Kitchen in rooms']","IDR 104,545",Surabaya
OYO 469 Bumi Banyu Bening Syariah,2-star hotel,4.3,(201),"['Free Wi-Fi', 'Air conditioning', 'Child-friendly']","IDR 150,339",Surabaya
Henny Executive Homestay,2-star hotel,4.1,(124),"['Free Wi-Fi', 'Free parking', 'Air conditioning']",0,Surabaya
OYO 388 Raka Residence Syariah,2-star hotel,4.7,(46),"['Free breakfast', 'Free Wi-Fi', 'Free parking', 'Air conditioning', 'Child-friendly']",0,Surabaya
RedDoorz @ Banyu Urip,-,4.1,(28),[],0,Surabaya
RedDoorz near ITATS University,2-star hotel,4.3,(39),"['Free Wi-Fi', 'Free parking', 'Air conditioning']",0,Surabaya
ZEN Rooms Basic Kedung Sari Wonorejo,-,-,-,[],0,Surabaya
Crystal Guesthouse,2-star hotel,4.8,(16),"['Free Wi-Fi', 'Free parking', 'Air conditioning', 'Child-friendly', 'Smoke-free property']",0,Surabaya
OYO 4006 Gajah Mada Trim Syariah,-,3,(6),[],0,Surabaya
RedDoorz @ MERR,2-star hotel,4.2,(55),"['Free Wi-Fi', 'Air conditioning']",0,Surabaya
Airy Syariah Gayung Kebonsari Delapan 20 Surabaya,2-star hotel,4.3,(12),['Child-friendly'],0,Surabaya
RedDoorz near Kejaksaan Negeri Surabaya,-,3.9,(13),[],0,Surabaya
Rama Tyto Alba. Airy Eco Wonokromo Bratang Gede 105 Surabaya,-,4.2,(100),[],0,Surabaya
Family Guest House,2-star hotel,4,(136),['Airport shuttle'],0,Surabaya
Whiz Prime Hotel Darmo Harapan,3-star hotel,4.1,"(2,359)","['Breakfast', 'Free Wi-Fi', 'Free parking', 'Outdoor pool', 'Air conditioning', 'Restaurant', 'Room service', 'Airport shuttle']","IDR 318,002",Surabaya
Gunawangsa Hotel MERR,3-star hotel,4.3,"(4,907)","['Breakfast', 'Free Wi-Fi', 'Free parking', 'Outdoor pool', 'Fitness centre', 'Spa', 'Restaurant', 'Room service']","IDR 346,172",Surabaya
Hotel Gunawangsa Manyar,3-star hotel,4.4,"(5,284)","['Free breakfast', 'Free Wi-Fi', 'Free parking', 'Outdoor pool', 'Air conditioning', 'Pet-friendly', 'Fitness centre', 'Restaurant']","IDR 210,568",Surabaya
Quest Hotel Darmo Surabaya,3-star hotel,4.4,"(5,500)","['Free breakfast', 'Free Wi-Fi', 'Free parking', 'Outdoor pool', 'Air conditioning', 'Fitness centre', 'Spa', 'Restaurant']","IDR 297,835",Surabaya
ibis Surabaya City Center,3-star hotel,4.5,"(5,171)","['Breakfast', 'Free Wi-Fi', 'Free parking', 'Air conditioning', 'Spa', 'Restaurant', 'Room service', 'Airport shuttle']","IDR 317,413",Surabaya
ASTON Inn Jemursari,3-star hotel,4.6,(526),"['Free breakfast', 'Free Wi-Fi', 'Free parking', 'Outdoor pool', 'Air conditioning', 'Bar', 'Restaurant', 'Room service']","IDR 310,800",Surabaya
Country Heritage Resort Hotel,3-star hotel,4.2,"(2,245)","['Free breakfast', 'Free Wi-Fi', 'Free parking', 'Outdoor pool', 'Air conditioning', 'Fitness centre', 'Bar', 'Restaurant']","IDR 198,400",Surabaya
ARTOTEL Surabaya,3-star hotel,4.3,"(2,458)","['Free breakfast', 'Free Wi-Fi', 'Free parking', 'Air conditioning', 'Restaurant', 'Room service', 'Full-service laundry', 'Child-friendly']","IDR 254,218",Surabaya
Swiss-Belinn Tunjungan,3-star hotel,4.6,"(7,018)","['Free breakfast', 'Free Wi-Fi', 'Free parking', 'Outdoor pool', 'Air conditioning', 'Fitness centre', 'Spa', 'Bar']","IDR 502,925",Surabaya
The Life Hotel,3-star hotel,4,"(1,948)","['Free breakfast', 'Free Wi-Fi', 'Restaurant', 'Room service', 'Airport shuttle', 'Full-service laundry', 'Child-friendly']","IDR 187,207",Surabaya
Red Planet Hotel Surabaya,3-star hotel,4.4,"(3,310)","['Free Wi-Fi', 'Free parking', 'Air conditioning', 'Restaurant', 'Room service', 'Full-service laundry', 'Accessible', 'Child-friendly']","IDR 188,239",Surabaya
G Suites Hotel,3-star hotel,4.2,"(3,644)","['Breakfast', 'Free Wi-Fi', 'Parking', 'Pool', 'Air conditioning', 'Fitness centre', 'Spa', 'Restaurant']","IDR 214,634",Surabaya
Great Diponegoro Hotel Surabaya,3-star hotel,4.5,"(3,050)","['Free breakfast', 'Free Wi-Fi', 'Free parking', 'Hot tub', 'Air conditioning', 'Bar', 'Restaurant', 'Room service']","IDR 263,790",Surabaya
LUMINOR Hotel,3-star hotel,4.5,"(6,782)","['Breakfast', 'Free Wi-Fi', 'Free parking', 'Air conditioning', 'Fitness centre', 'Spa', 'Restaurant', 'Room service']","IDR 438,665",Surabaya
Great Diponegoro Hotel Surabaya,3-star hotel,4.5,"(3,050)","['Free breakfast', 'Free Wi-Fi', 'Free parking', 'Hot tub', 'Air conditioning', 'Bar', 'Restaurant', 'Room service']","IDR 252,340",Surabaya
Kokoon Hotel Surabaya,3-star hotel,4.6,"(1,546)","['Free breakfast', 'Free Wi-Fi', 'Parking', 'Outdoor pool', 'Air conditioning', 'Fitness centre', 'Spa', 'Restaurant']","IDR 340,900",Surabaya
Midtown Hotel Surabaya,3-star hotel,4.4,"(3,716)","['Breakfast', 'Free Wi-Fi', 'Free parking', 'Air conditioning', 'Spa', 'Restaurant', 'Room service', 'Airport shuttle']","IDR 345,206",Surabaya
Luxpoint Hotel Surabaya,3-star hotel,4,(967),"['Breakfast', 'Free Wi-Fi', 'Free parking', 'Air conditioning', 'Restaurant', 'Room service', 'Full-service laundry', 'Child-friendly']","IDR 180,540",Surabaya
Hotel Dafam Pacific Caesar Surabaya,3-star hotel,4.5,"(2,711)","['Free breakfast', 'Free Wi-Fi', 'Free parking', 'Air conditioning', 'Restaurant', 'Room service', 'Full-service laundry', 'Accessible']","IDR 370,469",Surabaya
De Puri Boutique Hotel,3-star hotel,4.1,(663),"['Free breakfast', 'Free Wi-Fi', 'Free parking', 'Air conditioning', 'Restaurant', 'Room service', 'Airport shuttle', 'Full-service laundry']","IDR 144,431",Surabaya
favehotel Rungkut Surabaya,3-star hotel,4.5,"(8,258)","['Breakfast', 'Free Wi-Fi', 'Free parking', 'Outdoor pool', 'Air conditioning', 'Restaurant', 'Room service', 'Airport shuttle']","IDR 248,448",Surabaya
Bonnet Hotel Surabaya,3-star hotel,4.3,"(1,893)","['Breakfast', 'Free Wi-Fi', 'Free parking', 'Air conditioning', 'Spa', 'Restaurant', 'Room service', 'Airport shuttle']","IDR 279,579",Surabaya
Elmi Hotel,3-star hotel,4.5,"(4,594)","['Breakfast', 'Free Wi-Fi', 'Free parking', 'Outdoor pool', 'Air conditioning', 'Fitness centre', 'Spa', 'Restaurant']","IDR 261,815",Surabaya
Cleo Hotel Jemursari,3-star hotel,4.3,"(3,272)","['Breakfast', 'Free Wi-Fi', 'Parking', 'Air conditioning', 'Restaurant', 'Room service', 'Full-service laundry', 'Child-friendly']","IDR 241,281",Surabaya
Grand Surabaya,3-star hotel,4.2,"(2,681)","['Free breakfast', 'Free Wi-Fi', 'Free parking', 'Outdoor pool', 'Air conditioning', 'Restaurant', 'Room service', 'Full-service laundry']","IDR 276,117",Surabaya
MaxOneHotels.com @ Tidar Surabaya,3-star hotel,4.4,"(3,266)","['Free breakfast', 'Free Wi-Fi', 'Free parking', 'Air conditioning', 'Bar', 'Restaurant', 'Room service', 'Airport shuttle']","IDR 315,046",Surabaya
PrimeBiz Hotel Surabaya,3-star hotel,4.5,"(3,155)","['Breakfast', 'Free Wi-Fi', 'Free parking', 'Air conditioning', 'Spa', 'Restaurant', 'Room service', 'Airport shuttle']","IDR 276,521",Surabaya
Swiss-Belinn Manyar Surabaya,3-star hotel,4.4,"(5,832)","['Breakfast', 'Free Wi-Fi', 'Free parking', 'Outdoor pool', 'Air conditioning', 'Bar', 'Restaurant', 'Room service']","IDR 429,250",Surabaya
The Life Hotel,3-star hotel,4,"(1,948)","['Free breakfast', 'Free Wi-Fi', 'Restaurant', 'Room service', 'Airport shuttle', 'Full-service laundry', 'Child-friendly']","IDR 194,778",Surabaya
BATIQA Hotel Darmo - Surabaya,3-star hotel,4.5,"(1,797)","['Breakfast', 'Free Wi-Fi', 'Free parking', 'Air conditioning', 'Bar', 'Restaurant', 'Room service', 'Airport shuttle']","IDR 272,358",Surabaya
Gunawangsa Hotel MERR,3-star hotel,4.3,"(4,907)","['Breakfast', 'Free Wi-Fi', 'Free parking', 'Outdoor pool', 'Fitness centre', 'Spa', 'Restaurant', 'Room service']","IDR 268,732",Surabaya
BATIQA Hotel Darmo - Surabaya,3-star hotel,4.5,"(1,797)","['Breakfast', 'Free Wi-Fi', 'Free parking', 'Air conditioning', 'Bar', 'Restaurant', 'Room service', 'Airport shuttle']","IDR 261,990",Surabaya
YELLO Hotel Jemursari - Surabaya,3-star hotel,4.4,"(3,926)","['Breakfast ($)', 'Free Wi-Fi', 'Free parking', 'Air conditioning', 'Bar', 'Restaurant', 'Room service', 'Airport shuttle']","IDR 313,357",Surabaya
Hotel Santika Jemursari Surabaya,3-star hotel,4.4,"(3,897)","['Breakfast', 'Free Wi-Fi', 'Free parking', 'Air conditioning', 'Fitness centre', 'Spa', 'Restaurant', 'Room service']","IDR 380,190",Surabaya
Hotel Neo+ Waru - Sidoarjo,3-star hotel,4.4,"(3,000)","['Breakfast', 'Free Wi-Fi', 'Free parking', 'Air conditioning', 'Restaurant', 'Room service', 'Airport shuttle', 'Full-service laundry']","IDR 339,980",Surabaya
KHAS Surabaya Hotel,3-star hotel,4.4,"(2,462)","['Free breakfast', 'Free Wi-Fi', 'Free parking', 'Air conditioning', 'Restaurant', 'Room service', 'Full-service laundry', 'Accessible']","IDR 302,039",Surabaya
Amaris Hotel Darmo Surabaya,3-star hotel,4.4,"(2,575)","['Free breakfast', 'Free Wi-Fi', 'Free parking', 'Air conditioning', 'Restaurant', 'Room service', 'Full-service laundry', 'Accessible']","IDR 278,025",Surabaya
Cleo Hotel Walikota Mustajab,3-star hotel,4.2,"(1,069)","['Breakfast', 'Free Wi-Fi', 'Free parking', 'Air conditioning', 'Restaurant', 'Room service', 'Airport shuttle', 'Full-service laundry']","IDR 252,000",Surabaya
REGANTRIS HOTEL SURABAYA,3-star hotel,4.5,(503),"['Breakfast ($)', 'Free Wi-Fi', 'Free parking', 'Air conditioning', 'Spa', 'Restaurant', 'Room service', 'Full-service laundry']","IDR 275,536",Surabaya
CitiHub Hotel @Arjuna,3-star hotel,4.3,(575),"['Free Wi-Fi', 'Free parking', 'Air conditioning', 'Restaurant', 'Room service', 'Full-service laundry', 'Child-friendly']","IDR 179,590",Surabaya
La Lisa Hotel Surabaya,3-star hotel,4.4,"(2,010)","['Breakfast ($)', 'Free Wi-Fi', 'Free parking', 'Outdoor pool', 'Air conditioning', 'Bar', 'Restaurant', 'Room service']","IDR 381,993",Surabaya
Kampi Hotel Tunjungan Surabaya,3-star hotel,4.6,"(3,257)","['Free breakfast', 'Free Wi-Fi', 'Free parking', 'Air conditioning', 'Fitness centre', 'Bar', 'Restaurant', 'Room service']","IDR 399,883",Surabaya
favehotel Rungkut Surabaya,3-star hotel,4.5,"(8,252)","['Breakfast', 'Free Wi-Fi', 'Free parking', 'Outdoor pool', 'Air conditioning', 'Restaurant', 'Room service', 'Airport shuttle']","IDR 314,688",Surabaya
Bonnet Hotel Surabaya,3-star hotel,4.3,"(1,893)","['Breakfast', 'Free Wi-Fi', 'Free parking', 'Air conditioning', 'Spa', 'Restaurant', 'Room service', 'Airport shuttle']","IDR 366,659",Surabaya
Kokoon Hotel Surabaya,3-star hotel,4.6,"(1,546)","['Free breakfast', 'Free Wi-Fi', 'Parking', 'Outdoor pool', 'Air conditioning', 'Fitness centre', 'Spa', 'Restaurant']","IDR 288,874",Surabaya
Maumu Hotel & Lounge,3-star hotel,3.9,"(1,149)","['Free Wi-Fi', 'Free parking', 'Air conditioning', 'Restaurant', 'Room service', 'Airport shuttle', 'Full-service laundry']","IDR 161,791",Surabaya
Narita Hotel Surabaya,3-star hotel,4.4,"(3,391)","['Free breakfast', 'Free Wi-Fi', 'Free parking', 'Pool', 'Hot tub', 'Air conditioning', 'Fitness centre', 'Spa']","IDR 509,994",Surabaya
New Coklat Hotel,3-star hotel,4.2,"(1,224)","['Breakfast', 'Free Wi-Fi', 'Free parking', 'Air conditioning', 'Restaurant', 'Room service', 'Full-service laundry', 'Child-friendly']","IDR 218,440",Surabaya
MaxOne Hotel Dharmahusada,3-star hotel,4.4,"(2,805)","['Breakfast', 'Free Wi-Fi', 'Free parking', 'Air conditioning', 'Bar', 'Restaurant', 'Room service', 'Airport shuttle']","IDR 316,136",Surabaya
Royal Regantris Cendana,3-star hotel,4.5,"(2,162)","['Free breakfast', 'Free Wi-Fi', 'Free parking', 'Air conditioning', 'Restaurant', 'Room service', 'Full-service laundry', 'Accessible']","IDR 309,026",Surabaya
Zoom Smart Hotel,3-star hotel,4.1,"(1,854)","['Breakfast', 'Free Wi-Fi', 'Free parking', 'Air conditioning', 'Restaurant', 'Room service', 'Airport shuttle', 'Full-service laundry']","IDR 257,753",Surabaya
Citihub Hotel @Tunjungan,3-star hotel,4.2,(597),"['Free Wi-Fi', 'Free parking', 'Air conditioning', 'Room service', 'Full-service laundry', 'Child-friendly']","IDR 215,000",Surabaya
CitiHub Hotel @Sudirman,3-star hotel,4.2,(679),"['Breakfast', 'Free Wi-Fi', 'Air conditioning', 'Restaurant', 'Room service', 'Full-service laundry', 'Child-friendly']","IDR 248,426",Surabaya
Choice city Hotel BG Junction,3-star hotel,4.5,(609),"['Free breakfast', 'Free Wi-Fi', 'Free parking', 'Air conditioning', 'Restaurant', 'Room service', 'Full-service laundry', 'Child-friendly']","IDR 267,136",Surabaya
favehotel Graha Agung Surabaya,3-star hotel,4.2,"(2,758)","['Breakfast', 'Free Wi-Fi', 'Parking', 'Air conditioning', 'Restaurant', 'Room service', 'Full-service laundry', 'Accessible']","IDR 321,834",Surabaya
Namira Syariah Hotel Surabaya,3-star hotel,4.5,"(1,762)","['Free breakfast', 'Free Wi-Fi', 'Free parking', 'Air conditioning', 'Restaurant', 'Room service', 'Full-service laundry', 'Accessible']","IDR 495,105",Surabaya
Grand Surabaya,3-star hotel,4.2,"(2,681)","['Free breakfast', 'Free Wi-Fi', 'Free parking', 'Outdoor pool', 'Air conditioning', 'Restaurant', 'Room service', 'Full-service laundry']","IDR 286,368",Surabaya
RedDoorz Pucang Anom,3-star hotel,4.3,(22),"['Free Wi-Fi', 'Free parking', 'Room service', 'Child-friendly']","IDR 167,565",Surabaya
Whiz Prime Hotel Darmo Harapan,3-star hotel,4.1,"(2,359)","['Breakfast', 'Free Wi-Fi', 'Free parking', 'Outdoor pool', 'Air conditioning', 'Restaurant', 'Room service', 'Airport shuttle']","IDR 279,652",Surabaya
Veni Vidi Vici (V3 Hotel),3-star hotel,3.9,(918),"['Free breakfast', 'Free Wi-Fi', 'Free parking', 'Air conditioning', 'Restaurant', 'Room service', 'Airport shuttle', 'Full-service laundry']","IDR 140,688",Surabaya
Best Hotel,3-star hotel,4.2,"(1,474)","['Breakfast', 'Free Wi-Fi', 'Free parking', 'Air conditioning', 'Restaurant', 'Room service', 'Full-service laundry', 'Child-friendly']","IDR 300,000",Surabaya
Hotel Bisanta Bidakara Surabaya,3-star hotel,4.2,"(2,103)","['Free breakfast', 'Free Wi-Fi', 'Free parking', 'Outdoor pool', 'Air conditioning', 'Fitness centre', 'Spa', 'Restaurant']","IDR 284,976",Surabaya
New Grand Park Hotel,3-star hotel,3.7,"(1,115)","['Free breakfast', 'Free Wi-Fi', 'Free parking', 'Air conditioning', 'Restaurant', 'Room service', 'Full-service laundry']","IDR 209,426",Surabaya
Hotel NEO Gubeng,3-star hotel,4.4,"(2,721)","['Breakfast', 'Free Wi-Fi', 'Free parking', 'Air conditioning', 'Restaurant', 'Room service', 'Full-service laundry', 'Accessible']","IDR 314,669",Surabaya
High Point Serviced Apartment,3-star hotel,4.1,(662),"['Free breakfast', 'Free Wi-Fi', 'Free parking', 'Pools', 'Air conditioning', 'Fitness centre', 'Restaurant', 'Room service']","IDR 213,020",Surabaya
Citihub Hotel @Mayjend Sungkono,3-star hotel,4,(576),"['Breakfast', 'Free Wi-Fi', 'Free parking', 'Air conditioning', 'Restaurant', 'Room service', 'Full-service laundry', 'Child-friendly']","IDR 232,419",Surabaya
Bekizaar Business Hotel,3-star hotel,4.3,"(1,694)","['Breakfast', 'Free Wi-Fi', 'Free parking', 'Air conditioning', 'Restaurant', 'Room service', 'Airport shuttle', 'Full-service laundry']","IDR 262,090",Surabaya
Varna Culture Hotel Surabaya,3-star hotel,4.4,"(1,476)","['Breakfast', 'Free Wi-Fi', 'Free parking', 'Air conditioning', 'Spa', 'Restaurant', 'Room service', 'Airport shuttle']","IDR 206,403",Surabaya
MOSCHA Hotel Surabaya Gubeng,3-star hotel,4.3,(514),"['Free breakfast', 'Free Wi-Fi', 'Free parking', 'Air conditioning', 'Restaurant', 'Room service', 'Full-service laundry', 'Child-friendly']","IDR 251,500",Surabaya
Tab Hotel,3-star hotel,4.1,(974),"['Free breakfast', 'Free Wi-Fi', 'Free parking', 'Air conditioning', 'Restaurant', 'Room service', 'Airport shuttle', 'Full-service laundry']","IDR 211,727",Surabaya
OYO 475 Kartika Syariah Homestay,3-star hotel,4.2,(292),"['Free Wi-Fi', 'Air conditioning', 'Full-service laundry', 'Child-friendly']","IDR 110,722",Surabaya
Hotel De Ritz Residence,3-star hotel,4.1,(310),"['Free Wi-Fi', 'Free parking', 'Air conditioning', 'Room service', 'Full-service laundry', 'Child-friendly']","IDR 94,370",Surabaya
Whiz Residence Darmo Harapan Surabaya,3-star hotel,4.4,"(3,274)","['Free breakfast', 'Free Wi-Fi', 'Free parking', 'Outdoor pool', 'Air conditioning', 'Fitness centre', 'Spa', 'Restaurant']","IDR 459,000",Surabaya
Collection O 15 Taman Melati Merr Surabaya,3-star hotel,4.3,(184),"['Free Wi-Fi', 'Free parking', 'Outdoor pool', 'Air conditioning']","IDR 225,071",Surabaya
Olympic Hotel,3-star hotel,3.9,(436),"['Breakfast', 'Free Wi-Fi', 'Air conditioning', 'Restaurant', 'Room service', 'Full-service laundry', 'Child-friendly']",0,Surabaya
I&M HOTEL,3-star hotel,4.4,"(1,046)","['Free Wi-Fi', 'Free parking', 'Air conditioning', 'Restaurant', 'Room service', 'Full-service laundry']",0,Surabaya
Brava Suites by ZIA,3-star hotel,4.4,(274),"['Free Wi-Fi', 'Free parking', 'Air conditioning', 'Restaurant', 'Room service', 'Airport shuttle', 'Full-service laundry', 'Child-friendly']",0,Surabaya
Hotel Kita,3-star hotel,3.8,(815),"['Free Wi-Fi', 'Free parking', 'Air conditioning', 'Full-service laundry', 'Child-friendly']",0,Surabaya
OYO 175 K-60 Residence,3-star hotel,4.6,(211),"['Free Wi-Fi', 'Air conditioning', 'Child-friendly']","IDR 145,012",Surabaya
RedDoorz Premium @ Raya Nginden,3-star hotel,4.4,(284),"['Free Wi-Fi', 'Free parking', 'Outdoor pool', 'Fitness centre', 'Room service', 'Full-service laundry', 'Child-friendly']",0,Surabaya
RedDoorz near Gubeng Station,3-star hotel,3.5,(787),"['Free Wi-Fi', 'Free parking', 'Child-friendly']",0,Surabaya
Darma House,3-star hotel,4.1,(353),"['Free breakfast', 'Free Wi-Fi', 'Free parking', 'Full-service laundry']",0,Surabaya
Airy Tegalsari Kedungsari 109 Surabaya,3-star hotel,4.1,(76),"['Free Wi-Fi', 'Air conditioning', 'Breakfast', 'Parking', 'Room service', 'Smoke-free property']",0,Surabaya
Airy Raya Rungkut Juanda Surabaya,3-star hotel,4,(47),"['Free Wi-Fi', 'Air conditioning', 'Breakfast', 'Parking', 'Room service', 'Smoke-free property']",0,Surabaya
Omah Semampir at MERR by StayKu,3-star hotel,4,(21),"['Free Wi-Fi', 'Free parking', 'Air conditioning', 'Breakfast', 'Smoke-free property']","IDR 148,921",Surabaya
Varna Culture Hotel Surabaya,3-star hotel,4.4,"(1,476)","['Breakfast', 'Free Wi-Fi', 'Free parking', 'Air conditioning', 'Spa', 'Restaurant', 'Room service', 'Airport shuttle']","IDR 227,919",Surabaya
OYO 168 K-15 Residence,3-star hotel,4.3,(353),"['Free Wi-Fi', 'Free parking', 'Air conditioning', 'Child-friendly']",0,Surabaya
Airy Waru Pondok Maspion Sidoarjo,3-star hotel,4.3,(194),"['Free Wi-Fi', 'Free parking', 'Air conditioning', 'Room service', 'Full-service laundry', 'Child-friendly']",0,Surabaya
76 Home Stay,3-star hotel,4.6,(84),"['Free Wi-Fi', 'Child-friendly']",0,Surabaya
Airy Syariah Pacar Kembang Dharmahusada Satu 23 Surabaya,3-star hotel,4,(68),"['Free Wi-Fi', 'Child-friendly']",0,Surabaya
OYO 475 Kartika Syariah Homestay,3-star hotel,4.2,(292),"['Free Wi-Fi', 'Air conditioning', 'Full-service laundry', 'Child-friendly']","IDR 70,259",Surabaya
Airy Syariah Gayung Kebonsari Lima 11 Surabaya,3-star hotel,4.4,(55),"['Free Wi-Fi', 'Air conditioning', 'Breakfast', 'Parking', 'Smoke-free property']",0,Surabaya
Airy Eco Bongkaran Jagalan 64 Surabaya,-,4.2,(30),[],0,Surabaya
Airy Eco Syariah Gubeng Kertajaya Tujuh 43 Surabaya,3-star hotel,4.4,(210),"['Free Wi-Fi', 'Air conditioning', 'Breakfast', 'Smoke-free property']",0,Surabaya
Airy Eco Syariah Jambangan Bibis Karah 31A Surabaya,3-star hotel,4.2,(213),"['Free Wi-Fi', 'Air conditioning', 'Breakfast', 'Parking', 'Room service', 'Smoke-free property']",0,Surabaya
The Life Hotel,3-star hotel,4,"(1,948)","['Free breakfast', 'Free Wi-Fi', 'Restaurant', 'Room service', 'Airport shuttle', 'Full-service laundry', 'Child-friendly']","IDR 187,207",Surabaya
Great Diponegoro Hotel Surabaya,3-star hotel,4.5,"(3,050)","['Free breakfast', 'Free Wi-Fi', 'Free parking', 'Hot tub', 'Air conditioning', 'Bar', 'Restaurant', 'Room service']","IDR 263,790",Surabaya
LUMINOR Hotel,3-star hotel,4.5,"(6,782)","['Breakfast', 'Free Wi-Fi', 'Free parking', 'Air conditioning', 'Fitness centre', 'Spa', 'Restaurant', 'Room service']","IDR 438,665",Surabaya
Kost Grha Rahadi2,3-star hotel,4.3,(56),"['Free Wi-Fi', 'Free parking', 'Child-friendly']","IDR 120,175",Surabaya
Maumu Hotel & Lounge,3-star hotel,3.9,"(1,149)","['Free Wi-Fi', 'Free parking', 'Air conditioning', 'Restaurant', 'Room service', 'Airport shuttle', 'Full-service laundry']","IDR 174,291",Surabaya
OYO 197 Prime Royal Hotel,3-star hotel,3.9,"(1,779)","['Breakfast', 'Free Wi-Fi', 'Parking', 'Outdoor pool', 'Restaurant', 'Room service', 'Full-service laundry', 'Child-friendly']","IDR 218,847",Surabaya
Sumi Hotel Surabaya,3-star hotel,4.2,"(1,573)","['Free breakfast', 'Free Wi-Fi', 'Free parking', 'Air conditioning', 'Restaurant', 'Room service', 'Full-service laundry', 'Child-friendly']","IDR 201,309",Surabaya
Hotel Arcadia Surabaya by Horison,3-star hotel,4.6,(582),"['Breakfast', 'Free Wi-Fi', 'Free parking', 'Air conditioning', 'Fitness centre', 'Restaurant', 'Room service', 'Airport shuttle']","IDR 217,013",Surabaya
J22 Jawa Hotel & Residence,3-star hotel,3.5,(321),"['Free Wi-Fi', 'Free parking', 'Air conditioning', 'Child-friendly']","IDR 183,098",Surabaya
Oriza Hotel Surabaya,3-star hotel,4.2,(729),"['Free Wi-Fi', 'Air conditioning', 'Restaurant', 'Room service', 'Full-service laundry', 'Child-friendly']","IDR 254,050",Surabaya
Zoom Hotel Dharmahusada,3-star hotel,4.3,"(1,098)","['Free breakfast', 'Free Wi-Fi', 'Free parking', 'Air conditioning', 'Restaurant', 'Room service', 'Full-service laundry', 'Child-friendly']","IDR 291,060",Surabaya
Quds Royal Hotel,3-star hotel,4.2,(968),"['Free breakfast', 'Free Wi-Fi', 'Free parking', 'Air conditioning', 'Restaurant', 'Room service', 'Full-service laundry', 'Child-friendly']","IDR 290,603",Surabaya
H.O.M.E Guesthouse,3-star hotel,4.5,(203),"['Free Wi-Fi', 'Free parking', 'Air conditioning', 'Full-service laundry']","IDR 221,103",Surabaya
FELIZ GUESTHOUSE HOTEL,3-star hotel,4.1,(417),"['Free breakfast', 'Free Wi-Fi', 'Free parking', 'Air conditioning', 'Full-service laundry']","IDR 203,891",Surabaya
Cassa Hotel,3-star hotel,4,(681),"['Free Wi-Fi', 'Air conditioning', 'Full-service laundry', 'Child-friendly']","IDR 275,805",Surabaya
Griyo Avi Hotel,3-star hotel,3.8,(788),"['Free breakfast', 'Free Wi-Fi', 'Air conditioning', 'Restaurant', 'Room service', 'Full-service laundry', 'Child-friendly']","IDR 220,000",Surabaya
International Home Stay,3-star hotel,4.1,(112),"['Free Wi-Fi', 'Free parking', 'Air conditioning', 'Child-friendly']","IDR 241,521",Surabaya
Amaris Hotel Darmo Surabaya,3-star hotel,4.4,"(2,574)","['Free breakfast', 'Free Wi-Fi', 'Free parking', 'Air conditioning', 'Restaurant', 'Room service', 'Full-service laundry', 'Accessible']","IDR 303,810",Surabaya
MOSCHA Hotel Surabaya Gubeng,3-star hotel,4.3,(514),"['Free breakfast', 'Free Wi-Fi', 'Free parking', 'Air conditioning', 'Restaurant', 'Room service', 'Full-service laundry', 'Child-friendly']","IDR 251,500",Surabaya
Weta International Hotel,3-star hotel,4.1,"(1,071)","['Free breakfast', 'Free Wi-Fi', 'Parking', 'Hot tub', 'Air conditioning', 'Restaurant', 'Room service', 'Full-service laundry']",0,Surabaya
Omah Semampir at MERR by StayKu,3-star hotel,4,(21),"['Free Wi-Fi', 'Free parking', 'Air conditioning', 'Breakfast', 'Smoke-free property']","IDR 156,759",Surabaya
Hotel De Ritz Residence,3-star hotel,4.1,(310),"['Free Wi-Fi', 'Free parking', 'Air conditioning', 'Room service', 'Full-service laundry', 'Child-friendly']","IDR 204,292",Surabaya
Kana Citra Guesthouse,3-star hotel,4.4,(350),"['Breakfast ($)', 'Free Wi-Fi', 'Free parking', 'Outdoor pool', 'Air conditioning', 'Restaurant', 'Room service', 'Full-service laundry']","IDR 259,650",Surabaya
Urbanview Hotel Grand Sumatera Surabaya,3-star hotel,4,(132),"['Free breakfast', 'Free Wi-Fi', 'Free parking', 'Air conditioning', 'Restaurant', 'Room service', 'Full-service laundry', 'Child-friendly']","IDR 295,797",Surabaya
family guest house kupang baru,3-star hotel,3.9,(62),"['Free Wi-Fi', 'Air conditioning', 'Parking']","IDR 200,396",Surabaya
RedDoorz Apartment near Grand City Mall,3-star hotel,4.1,(561),"['Free Wi-Fi', 'Parking', 'Outdoor pool', 'Fitness centre', 'Child-friendly']",0,Surabaya
Galaxy Hotel,3-star hotel,3.5,(328),"['Wi-Fi', 'Air conditioning', 'Full-service laundry']",0,Surabaya
HOTEL MIRA INN RUNGKUT INDUSTRI,3-star hotel,4.2,(386),"['Free Wi-Fi', 'Air conditioning', 'Airport shuttle', 'Child-friendly']","IDR 280,000",Surabaya
Hotel Niaga,3-star hotel,4,(285),"['Free breakfast', 'Free Wi-Fi', 'Free parking', 'Restaurant', 'Room service', 'Full-service laundry', 'Child-friendly']",0,Surabaya
Kokonut Guesthouse,3-star hotel,4.4,(297),"['Free breakfast', 'Free Wi-Fi', 'Free parking', 'Air conditioning', 'Restaurant', 'Room service', 'Child-friendly']","IDR 200,000",Surabaya
Citra Suites,3-star hotel,3.9,(205),"['Free Wi-Fi', 'Free parking', 'Air conditioning', 'Full-service laundry']","IDR 165,451",Surabaya
Griyo Avi Hotel,3-star hotel,3.8,(787),"['Free breakfast', 'Free Wi-Fi', 'Air conditioning', 'Restaurant', 'Room service', 'Full-service laundry', 'Child-friendly']","IDR 220,000",Surabaya
Kokonut Guesthouse,3-star hotel,4.4,(297),"['Free breakfast', 'Free Wi-Fi', 'Free parking', 'Air conditioning', 'Restaurant', 'Room service', 'Child-friendly']","IDR 200,000",Surabaya
Kost Grha Rahadi2,3-star hotel,4.3,(56),"['Free Wi-Fi', 'Free parking', 'Child-friendly']","IDR 84,128",Surabaya
Style50 Homestay,3-star hotel,4.6,(168),"['Free Wi-Fi', 'Free parking', 'Air conditioning', 'Child-friendly']","IDR 225,000",Surabaya
Green Bamboo Cottages,3-star hotel,3.8,(67),"['Air conditioning', 'Child-friendly']",0,Surabaya
Mandiri Mansion,3-star hotel,4.3,(540),"['Free breakfast', 'Free parking', 'Air conditioning', 'Full-service laundry', 'Child-friendly']",0,Surabaya
Hotel Dibino,3-star hotel,3.2,(238),"['Breakfast', 'Free Wi-Fi', 'Free parking', 'Air conditioning']","IDR 69,614",Surabaya
RedDoorz Plus @ Surabaya City Center,3-star hotel,4.2,(68),"['Free Wi-Fi', 'Air conditioning', 'Room service', 'Full-service laundry', 'Child-friendly']",0,Surabaya
Hotel Sonny,3-star hotel,3.6,(205),"['Wi-Fi', 'Full-service laundry']",0,Surabaya
OYO 204 Blessing Residence,3-star hotel,4.5,(61),"['Air conditioning', 'Child-friendly']","IDR 121,486",Surabaya
Airy Citraland International Surabaya,3-star hotel,4.4,(149),"['Free Wi-Fi', 'Parking', 'Outdoor pool', 'Air conditioning', 'Restaurant', 'Full-service laundry', 'Child-friendly', 'Smoke-free property']",0,Surabaya
RedDoorz near Taman Flora,3-star hotel,3.9,(120),"['Free Wi-Fi', 'Air conditioning', 'Child-friendly']","IDR 126,743",Surabaya
Cozyliving Homestay,3-star hotel,4.5,(87),"['Free Wi-Fi', 'Air conditioning']",0,Surabaya
Airy Sukolilo Medokan Semampir Indah 25 Surabaya,3-star hotel,4,(32),"['Free Wi-Fi', 'Air conditioning', 'Restaurant', 'Full-service laundry', 'Child-friendly', 'Smoke-free property']",0,Surabaya
Novotel Surabaya - Hotel & Suites,4-star hotel,4.5,"(6,738)","['Free breakfast', 'Free Wi-Fi', 'Free parking', 'Outdoor pool', 'Hot tub', 'Air conditioning', 'Fitness centre', 'Spa']","IDR 598,355",Surabaya
Garden Palace Hotel Surabaya,4-star hotel,4.3,"(7,082)","['Breakfast ($)', 'Free Wi-Fi', 'Parking ($)', 'Pool', 'Air conditioning', 'Fitness centre', 'Spa', 'Bar']","IDR 400,350",Surabaya
Garden Palace Hotel Surabaya,4-star hotel,4.3,"(7,082)","['Breakfast ($)', 'Free Wi-Fi', 'Parking ($)', 'Pool', 'Air conditioning', 'Fitness centre', 'Spa', 'Bar']","IDR 331,398",Surabaya
Best Western Papilio Hotel,4-star hotel,4.5,"(9,030)","['Breakfast ($)', 'Free Wi-Fi', 'Parking ($)', 'Outdoor pool', 'Air conditioning', 'Fitness centre', 'Spa', 'Bar']","IDR 469,579",Surabaya
Tunjungan Hotel,4-star hotel,4.2,"(3,363)","['Breakfast', 'Free Wi-Fi', 'Free parking', 'Outdoor pool', 'Hot tub', 'Air conditioning', 'Fitness centre', 'Spa']","IDR 407,089",Surabaya
Novotel Samator East Surabaya Hotel,4-star hotel,4.6,"(7,122)","['Breakfast', 'Free Wi-Fi', 'Free parking', 'Outdoor pool', 'Air conditioning', 'Fitness centre', 'Spa', 'Bar']","IDR 561,588",Surabaya
Novotel Surabaya - Hotel & Suites,4-star hotel,4.5,"(6,739)","['Free breakfast', 'Free Wi-Fi', 'Free parking', 'Outdoor pool', 'Hot tub', 'Air conditioning', 'Fitness centre', 'Spa']","IDR 532,400",Surabaya
HARRIS Hotel & Conventions Bundaran Satelit Surabaya,4-star hotel,4.7,"(1,778)","['Breakfast ($)', 'Free Wi-Fi', 'Free parking', 'Outdoor pool', 'Air conditioning', 'Fitness centre', 'Spa', 'Restaurant']","IDR 437,438",Surabaya
Fairfield by Marriott Surabaya,4-star hotel,4.4,"(5,553)","['Free breakfast', 'Free Wi-Fi', 'Free parking', 'Outdoor pool', 'Air conditioning', 'Fitness centre', 'Spa', 'Bar']","IDR 665,972",Surabaya
Grand Darmo Suite by Amithya,4-star hotel,4.3,"(3,916)","['Free breakfast', 'Free Wi-Fi', 'Free parking', 'Indoor pool', 'Air conditioning', 'Fitness centre', 'Spa', 'Bar']","IDR 297,412",Surabaya
Grand Inna Tunjungan,4-star hotel,4.4,"(2,722)","['Breakfast', 'Free Wi-Fi', 'Parking', 'Outdoor pool', 'Air conditioning', 'Fitness centre', 'Spa', 'Bar']","IDR 370,610",Surabaya
Crown Prince Hotel Surabaya,4-star hotel,4.4,"(4,334)","['Free breakfast', 'Free Wi-Fi', 'Free parking', 'Outdoor pool', 'Air conditioning', 'Fitness centre', 'Spa', 'Restaurant']","IDR 340,411",Surabaya
The Alana Surabaya,4-star hotel,4.5,"(6,032)","['Free breakfast', 'Free Wi-Fi', 'Free parking', 'Indoor pool', 'Hot tub', 'Air conditioning', 'Fitness centre', 'Spa']","IDR 476,424",Surabaya
ibis Styles Surabaya Jemursari,4-star hotel,4.5,"(5,376)","['Breakfast', 'Free Wi-Fi', 'Free parking', 'Outdoor pool', 'Air conditioning', 'Fitness centre', 'Spa', 'Bar']","IDR 451,409",Surabaya
The Alana Surabaya,4-star hotel,4.5,"(6,032)","['Free breakfast', 'Free Wi-Fi', 'Free parking', 'Indoor pool', 'Hot tub', 'Air conditioning', 'Fitness centre', 'Spa']","IDR 476,424",Surabaya
HARRIS Hotel & Conventions Gubeng - Surabaya,4-star hotel,4.5,"(9,853)","['Breakfast ($)', 'Free Wi-Fi', 'Free parking', 'Outdoor pool', 'Hot tub', 'Air conditioning', 'Fitness centre', 'Spa']","IDR 455,438",Surabaya
Surabaya Suites Hotel,4-star hotel,4.4,"(6,166)","['Breakfast', 'Free Wi-Fi', 'Parking ($)', 'Outdoor pool', 'Hot tub', 'Air conditioning', 'Fitness centre', 'Spa']","IDR 391,063",Surabaya
Grand Dafam Signature Surabaya,4-star hotel,4.7,"(4,531)","['Breakfast', 'Free Wi-Fi', 'Free parking', 'Pool', 'Air conditioning', 'Fitness centre', 'Spa', 'Restaurant']","IDR 708,124",Surabaya
Hotel Aria Centra Surabaya,4-star hotel,4.5,"(4,307)","['Breakfast', 'Free Wi-Fi', 'Free parking', 'Air conditioning', 'Spa', 'Restaurant', 'Room service', 'Airport shuttle']","IDR 504,900",Surabaya
Hotel Santika Premiere Gubeng,4-star hotel,4.5,"(7,784)","['Breakfast', 'Free Wi-Fi', 'Free parking', 'Pool', 'Air conditioning', 'Fitness centre', 'Spa', 'Restaurant']","IDR 526,588",Surabaya
Java Paragon Hotel & Residences,4-star hotel,4.5,"(4,646)","['Breakfast', 'Free Wi-Fi', 'Free parking', 'Outdoor pool', 'Air conditioning', 'Fitness centre', 'Spa', 'Bar']","IDR 419,966",Surabaya
Four Points by Sheraton Surabaya,4-star hotel,4.7,"(7,345)","['Breakfast ($)', 'Free Wi-Fi', 'Free parking', 'Outdoor pool', 'Air conditioning', 'Fitness centre', 'Spa', 'Restaurant']","IDR 1,017,174",Surabaya
OYO 449 The Colins,4-star hotel,4.4,(529),"['Free Wi-Fi', 'Free parking', 'Air conditioning', 'Full-service laundry', 'Child-friendly']","IDR 95,347",Surabaya
"Holiday Inn Express Surabaya Centerpoint, an IHG Hotel",4-star hotel,4.4,"(3,211)","['Breakfast ($)', 'Free Wi-Fi', 'Free parking', 'Air conditioning', 'Fitness centre', 'Restaurant', 'Room service', 'Airport shuttle']","IDR 524,491",Surabaya
"Four Points by Sheraton Surabaya, Pakuwon Indah",4-star hotel,4.8,"(1,037)","['Free breakfast', 'Free Wi-Fi', 'Free parking', 'Outdoor pool', 'Air conditioning', 'Fitness centre', 'Bar', 'Restaurant']","IDR 1,055,740",Surabaya
Verwood Hotel,4-star hotel,4.4,"(5,044)","['Breakfast', 'Free Wi-Fi', 'Free parking', 'Outdoor pool', 'Hot tub', 'Air conditioning', 'Fitness centre', 'Spa']","IDR 398,701",Surabaya
Midtown Residence Surabaya,4-star hotel,4.6,"(2,039)","['Free breakfast', 'Free Wi-Fi', 'Free parking', 'Outdoor pool', 'Air conditioning', 'Fitness centre', 'Spa', 'Restaurant']","IDR 467,010",Surabaya
Singgasana Hotel Surabaya,4-star hotel,4.5,"(7,265)","['Free breakfast', 'Free Wi-Fi', 'Free parking', 'Outdoor pool', 'Hot tub', 'Air conditioning', 'Fitness centre', 'Spa']",0,Surabaya
TS Suites Surabaya,4-star hotel,4.5,"(1,294)","['Breakfast', 'Free Wi-Fi', 'Free parking', 'Hot tub', 'Air conditioning', 'Fitness centre', 'Spa', 'Restaurant']","IDR 636,862",Surabaya
"Ciputra Golf, Club & Resto Surabaya",-,4.5,"(3,572)","['Free breakfast', 'Free Wi-Fi', 'Free parking', 'Outdoor pool', 'Hot tub', 'Air conditioning', 'Fitness centre', 'Restaurant', 'Room service']",0,Surabaya
Rock Hotel,4-star hotel,4.2,(551),"['Free breakfast', 'Free Wi-Fi', 'Parking', 'Restaurant', 'Room service', 'Full-service laundry', 'Child-friendly']","IDR 235,447",Surabaya
JW Marriott Hotel Surabaya,5-star hotel,4.7,"(14,856)","['Breakfast ($)', 'Free Wi-Fi', 'Free parking', 'Outdoor pool', 'Hot tub', 'Air conditioning', 'Fitness centre', 'Spa']","IDR 1,149,500",Surabaya
Shangri-La Surabaya,5-star hotel,4.7,"(10,137)","['Breakfast', 'Free Wi-Fi', 'Free parking', 'Outdoor pool', 'Hot tub', 'Air conditioning', 'Fitness centre', 'Spa']","IDR 1,208,720",Surabaya
Ciputra World Hotel Surabaya,5-star hotel,4.7,"(4,071)","['Breakfast', 'Free Wi-Fi', 'Free parking', 'Outdoor pool', 'Hot tub', 'Air conditioning', 'Fitness centre', 'Spa']","IDR 753,323",Surabaya
Wyndham Surabaya,5-star hotel,4.5,"(6,418)","['Free breakfast', 'Free Wi-Fi', 'Free parking', 'Outdoor pool', 'Hot tub', 'Air conditioning', 'Fitness centre', 'Spa']","IDR 558,511",Surabaya
JW Marriott Hotel Surabaya,5-star hotel,4.7,"(14,857)","['Breakfast ($)', 'Free Wi-Fi', 'Free parking', 'Outdoor pool', 'Hot tub', 'Air conditioning', 'Fitness centre', 'Spa']","IDR 1,136,865",Surabaya
Vasa Hotel Surabaya,5-star hotel,4.6,"(13,100)","['Breakfast ($)', 'Free Wi-Fi', 'Free parking', 'Outdoor pool', 'Air conditioning', 'Fitness centre', 'Bar', 'Restaurant']","IDR 934,218",Surabaya
Sheraton Surabaya Hotel & Towers,5-star hotel,4.7,"(11,259)","['Breakfast ($)', 'Free Wi-Fi', 'Free parking', 'Outdoor pool', 'Hot tub', 'Air conditioning', 'Fitness centre', 'Spa']","IDR 1,136,865",Surabaya
DoubleTree by Hilton Surabaya,5-star hotel,4.7,"(2,357)","['Breakfast ($)', 'Wi-Fi ($)', 'Parking ($)', 'Outdoor pool', 'Air conditioning', 'Fitness centre', 'Bar', 'Restaurant']","IDR 986,244",Surabaya
Oakwood Hotel & Residence Surabaya,5-star hotel,4.7,"(2,310)","['Breakfast ($)', 'Free Wi-Fi', 'Free parking', 'Indoor pool', 'Air conditioning', 'Fitness centre', 'Spa', 'Bar']","IDR 829,552",Surabaya
Grand Mercure Surabaya City,5-star hotel,4.7,"(2,154)","['Breakfast', 'Free Wi-Fi', 'Free parking', 'Outdoor pool', 'Air conditioning', 'Fitness centre', 'Spa', 'Bar']","IDR 1,020,807",Surabaya
Hotel Majapahit Surabaya,5-star hotel,4.7,"(5,511)","['Breakfast', 'Free Wi-Fi', 'Free parking', 'Outdoor pool', 'Hot tub', 'Air conditioning', 'Fitness centre', 'Spa']","IDR 845,680",Surabaya
Shangri-La Surabaya,5-star hotel,4.7,"(10,137)","['Breakfast', 'Free Wi-Fi', 'Free parking', 'Outdoor pool', 'Hot tub', 'Air conditioning', 'Fitness centre', 'Spa']","IDR 1,208,720",Surabaya
Ascott Waterplace Surabaya,5-star hotel,4.6,"(4,224)","['Breakfast', 'Free Wi-Fi', 'Free parking', 'Outdoor pool', 'Air conditioning', 'Fitness centre', 'Restaurant', 'Room service']","IDR 1,402,300",Surabaya
The Westin Surabaya,5-star hotel,4.8,(949),"['Breakfast ($)', 'Free Wi-Fi', 'Free parking', 'Pools', 'Air conditioning', 'Fitness centre', 'Bar', 'Restaurant']","IDR 1,960,200",Surabaya
Bumi Surabaya City Resort,5-star hotel,4.7,"(11,660)","['Free breakfast', 'Free Wi-Fi', 'Free parking', 'Outdoor pool', 'Hot tub', 'Air conditioning', 'Fitness centre', 'Spa']","IDR 690,697",Surabaya
Grand Kebonsari - Guest House & Homestay Syari'ah,5-star hotel,4.5,(227),"['Free Wi-Fi', 'Free parking', 'Air conditioning']","IDR 271,510",Surabaya
